-- phpMyAdmin SQL Dump
-- version 5.2.1
-- https://www.phpmyadmin.net/
--
-- Host: 127.0.0.1
-- Generation Time: Jun 26, 2025 at 07:41 PM
-- Server version: 10.4.32-MariaDB
-- PHP Version: 8.2.12

SET SQL_MODE = "NO_AUTO_VALUE_ON_ZERO";
START TRANSACTION;
SET time_zone = "+00:00";


/*!40101 SET @OLD_CHARACTER_SET_CLIENT=@@CHARACTER_SET_CLIENT */;
/*!40101 SET @OLD_CHARACTER_SET_RESULTS=@@CHARACTER_SET_RESULTS */;
/*!40101 SET @OLD_COLLATION_CONNECTION=@@COLLATION_CONNECTION */;
/*!40101 SET NAMES utf8mb4 */;

--
-- Database: `olap_uas`
--

-- --------------------------------------------------------

--
-- Table structure for table `dimcust`
--

CREATE TABLE `dimcust` (
  `id_dimCust` int(11) NOT NULL,
  `customerID` int(11) DEFAULT NULL,
  `fullName` varchar(255) DEFAULT NULL
) ENGINE=InnoDB DEFAULT CHARSET=utf8mb4 COLLATE=utf8mb4_general_ci;

--
-- Dumping data for table `dimcust`
--

INSERT INTO `dimcust` (`id_dimCust`, `customerID`, `fullName`) VALUES
(1, 0, 'FirstName LastName'),
(2, 1, 'Stefanie Frye'),
(3, 2, 'Sandy Kirby'),
(4, 3, 'Lee Zhang'),
(5, 4, 'Regina Avery'),
(6, 5, 'Daniel Mccann'),
(7, 6, 'Dennis Zuniga'),
(8, 7, 'Myra Jefferson'),
(9, 8, 'Teddy Parsons'),
(10, 9, 'Annie Stein'),
(11, 10, 'Herman Pope'),
(12, 11, 'Jenifer Winters'),
(13, 12, 'Stefanie Gordon'),
(14, 13, 'Chastity Gillespie'),
(15, 14, 'Evelyn Sweeney'),
(16, 15, 'Jeannie Gardner'),
(17, 16, 'Rickey Ho'),
(18, 17, 'Bobbie Simon'),
(19, 18, 'Lesley Orr'),
(20, 19, 'Shawna Herring'),
(21, 20, 'Theresa Berg'),
(22, 21, 'Tasha Heath'),
(23, 22, 'Karla Sutton'),
(24, 23, 'Otis Miller'),
(25, 24, 'Alisa Ruiz'),
(26, 25, 'Peggy Sandoval'),
(27, 26, 'Lisa Dennis'),
(28, 27, 'Vicky Russell'),
(29, 28, 'Nicolas Reese'),
(30, 29, 'Miranda Armstrong'),
(31, 30, 'Kara Beltran'),
(32, 31, 'Rosemary Manning'),
(33, 32, 'Ernest Wright'),
(34, 33, 'Lindsay Santana'),
(35, 34, 'Lorenzo Tucker'),
(36, 35, 'Tammie Gaines'),
(37, 36, 'Kareem Gonzalez'),
(38, 37, 'Cesar Smith'),
(39, 38, 'Charlene Hartman'),
(40, 39, 'Sonja Griffith'),
(41, 40, 'Gwendolyn Love'),
(42, 41, 'Stephan Alexander'),
(43, 42, 'Maggie Cross'),
(44, 43, 'Earnest Greer'),
(45, 44, 'Zachary Odom'),
(46, 45, 'Erin Ward'),
(47, 46, 'Rodolfo Gray'),
(48, 47, 'Carla Acosta'),
(49, 48, 'Norma Gallegos'),
(50, 49, 'Jean Lozano'),
(51, 50, 'Tara Hernandez'),
(52, 51, 'Kirsten Hamilton'),
(53, 52, 'Lisa Todd'),
(54, 53, 'Marie Gamble'),
(55, 54, 'Devin Santana'),
(56, 55, 'Shaun Singh'),
(57, 56, 'Jose Summers'),
(58, 57, 'Tasha Larsen'),
(59, 58, 'Meredith Meza'),
(60, 59, 'Heather Gallegos'),
(61, 60, 'Sherri Cardenas'),
(62, 61, 'Theodore Santana'),
(63, 62, 'Elton Spencer'),
(64, 63, 'Phillip Harvey'),
(65, 64, 'Raymond Hurley'),
(66, 65, 'Alejandro Price'),
(67, 66, 'Kristina Barron'),
(68, 67, 'Chandra Hammond'),
(69, 68, 'Allen Hensley'),
(70, 69, 'Myron Best'),
(71, 70, 'Lewis Robertson'),
(72, 71, 'Laura Ho'),
(73, 72, 'Wallace Dickson'),
(74, 73, 'Johnathan Park'),
(75, 74, 'Dianna Mc Cormick'),
(76, 75, 'Jamal Montoya'),
(77, 76, 'Sharon Morrison'),
(78, 77, 'Clifton Bradshaw'),
(79, 78, 'Sean Stewart'),
(80, 79, 'Trent Murphy'),
(81, 80, 'Victor Lane'),
(82, 81, 'Becky Davis'),
(83, 82, 'Chastity Summers'),
(84, 83, 'Charlene Dyer'),
(85, 84, 'Lana Spencer'),
(86, 85, 'Summer Hurley'),
(87, 86, 'Zachary Mc Knight'),
(88, 87, 'Corey Stewart'),
(89, 88, 'Olivia Cooke'),
(90, 89, 'Miriam Sloan'),
(91, 90, 'Rosa Elliott'),
(92, 91, 'Marci Hampton'),
(93, 92, 'Morgan Fox'),
(94, 93, 'Gerard Cantrell'),
(95, 94, 'Paul Dodson'),
(96, 95, 'Kara Rich'),
(97, 96, 'Shane Bray'),
(98, 97, 'Stanley Castillo'),
(99, 98, 'Brendan Herman'),
(100, 99, 'Tania Chung'),
(101, 100, 'Victor Doyle'),
(102, 101, 'Abraham Kane'),
(103, 102, 'Julius Mccall'),
(104, 103, 'Jana Huang'),
(105, 104, 'Jackie Randall'),
(106, 105, 'Susana Lynch'),
(107, 106, 'Allen Grant'),
(108, 107, 'Marisa Bennett'),
(109, 108, 'Duane Shaffer'),
(110, 109, 'Elisa Payne'),
(111, 110, 'Lakisha Mills'),
(112, 111, 'Nakia Schaefer'),
(113, 112, 'Ginger Hess'),
(114, 113, 'Lloyd House'),
(115, 114, 'Clint Graves'),
(116, 115, 'Trina Ochoa'),
(117, 116, 'Tonia Rose'),
(118, 117, 'Neal Burnett'),
(119, 118, 'Bethany Rivera'),
(120, 119, 'Casey Smith'),
(121, 120, 'Lindsay Jordan'),
(122, 121, 'Rebekah Hancock'),
(123, 122, 'Mathew Hammond'),
(124, 123, 'Mitchell Nixon'),
(125, 124, 'Jesus Humphrey'),
(126, 125, 'Everett Yoder'),
(127, 126, 'Pete Mathews'),
(128, 127, 'Stacy Lutz'),
(129, 128, 'Howard Trujillo'),
(130, 129, 'Ted Hahn'),
(131, 130, 'Ray Wyatt'),
(132, 131, 'Sheryl Perry'),
(133, 132, 'John Gonzalez'),
(134, 133, 'Karl Dunn'),
(135, 134, 'Tabitha Khan'),
(136, 135, 'Vicki Larsen'),
(137, 136, 'Phillip Montgomery'),
(138, 137, 'Jeannette Tapia'),
(139, 138, 'Guillermo Butler'),
(140, 139, 'Chasity Odom'),
(141, 140, 'Cheri Villarreal'),
(142, 141, 'Tonia Booker'),
(143, 142, 'Ray Clayton'),
(144, 143, 'Gregory Pugh'),
(145, 144, 'Dianna Kirby'),
(146, 145, 'Cody Blake'),
(147, 146, 'Melanie Whitney'),
(148, 147, 'Tamiko Doyle'),
(149, 148, 'Darrick Kirby'),
(150, 149, 'Monica Fleming'),
(151, 150, 'Ashley Pope'),
(152, 151, 'Brady Reese'),
(153, 152, 'Miguel Watson'),
(154, 153, 'Danny Herman'),
(155, 154, 'Omar Weeks'),
(156, 155, 'Latoya Mc Lean'),
(157, 156, 'Joan Castro'),
(158, 157, 'Demond Brandt'),
(159, 158, 'Demetrius Ramirez'),
(160, 159, 'Abigail Mullen'),
(161, 160, 'Nathan Glenn'),
(162, 161, 'Sandra Elliott'),
(163, 162, 'Erika Randall'),
(164, 163, 'Armando Wu'),
(165, 164, 'Darius Bridges'),
(166, 165, 'Preston Kelly'),
(167, 166, 'Erik Rangel'),
(168, 167, 'Antonio Benson'),
(169, 168, 'Kristina Kim'),
(170, 169, 'Casey Glass'),
(171, 170, 'Armando Lucas'),
(172, 171, 'Marla Watts'),
(173, 172, 'Billie Fischer'),
(174, 173, 'Jonathon Reynolds'),
(175, 174, 'Diane Quinn'),
(176, 175, 'Emily Duncan'),
(177, 176, 'Jonathon Brooks'),
(178, 177, 'Laura Grimes'),
(179, 178, 'Roxanne Wade'),
(180, 179, 'Gene Morrison'),
(181, 180, 'Arnold House'),
(182, 181, 'Zachary Matthews'),
(183, 182, 'Jacob Webster'),
(184, 183, 'Jason Dunn'),
(185, 184, 'Brian Neal'),
(186, 185, 'Helen Cunningham'),
(187, 186, 'Ralph Lopez'),
(188, 187, 'Holly Wong'),
(189, 188, 'Stanley Sherman'),
(190, 189, 'Leon Costa'),
(191, 190, 'Staci Barber'),
(192, 191, 'Kimberly Baldwin'),
(193, 192, 'Candice Mayer'),
(194, 193, 'Mike Munoz'),
(195, 194, 'David Watts'),
(196, 195, 'Allan Molina'),
(197, 196, 'Andrea Barker'),
(198, 197, 'Albert Rosario'),
(199, 198, 'Todd Franklin'),
(200, 199, 'Miranda Morton'),
(201, 200, 'Rene Mercado'),
(202, 201, 'Desiree Farrell');

-- --------------------------------------------------------

--
-- Table structure for table `dimdate`
--

CREATE TABLE `dimdate` (
  `id_dimDate` int(11) NOT NULL,
  `tanggal` date DEFAULT NULL,
  `year` int(11) DEFAULT NULL,
  `month` int(11) DEFAULT NULL,
  `day` int(11) DEFAULT NULL
) ENGINE=InnoDB DEFAULT CHARSET=utf8mb4 COLLATE=utf8mb4_general_ci;

--
-- Dumping data for table `dimdate`
--

INSERT INTO `dimdate` (`id_dimDate`, `tanggal`, `year`, `month`, `day`) VALUES
(1, '2017-01-01', 2017, 1, 1),
(2, '2017-01-02', 2017, 1, 2),
(3, '2017-01-03', 2017, 1, 3),
(4, '2017-01-04', 2017, 1, 4),
(5, '2017-01-05', 2017, 1, 5),
(6, '2017-01-06', 2017, 1, 6),
(7, '2017-01-07', 2017, 1, 7),
(8, '2017-01-08', 2017, 1, 8),
(9, '2017-01-09', 2017, 1, 9),
(10, '2017-01-10', 2017, 1, 10),
(11, '2017-01-11', 2017, 1, 11),
(12, '2017-01-12', 2017, 1, 12),
(13, '2017-01-13', 2017, 1, 13),
(14, '2017-01-14', 2017, 1, 14),
(15, '2017-01-15', 2017, 1, 15),
(16, '2017-01-16', 2017, 1, 16),
(17, '2017-01-17', 2017, 1, 17),
(18, '2017-01-18', 2017, 1, 18),
(19, '2017-01-19', 2017, 1, 19),
(20, '2017-01-20', 2017, 1, 20),
(21, '2017-01-21', 2017, 1, 21),
(22, '2017-01-22', 2017, 1, 22),
(23, '2017-01-23', 2017, 1, 23),
(24, '2017-01-24', 2017, 1, 24),
(25, '2017-01-25', 2017, 1, 25),
(26, '2017-01-26', 2017, 1, 26),
(27, '2017-01-27', 2017, 1, 27),
(28, '2017-01-28', 2017, 1, 28),
(29, '2017-01-29', 2017, 1, 29),
(30, '2017-01-30', 2017, 1, 30),
(31, '2017-01-31', 2017, 1, 31),
(32, '2017-02-01', 2017, 2, 1),
(33, '2017-02-02', 2017, 2, 2),
(34, '2017-02-03', 2017, 2, 3),
(35, '2017-02-04', 2017, 2, 4),
(36, '2017-02-05', 2017, 2, 5),
(37, '2017-02-06', 2017, 2, 6),
(38, '2017-02-07', 2017, 2, 7),
(39, '2017-02-08', 2017, 2, 8),
(40, '2017-02-09', 2017, 2, 9),
(41, '2017-02-10', 2017, 2, 10),
(42, '2017-02-11', 2017, 2, 11),
(43, '2017-02-12', 2017, 2, 12),
(44, '2017-02-13', 2017, 2, 13),
(45, '2017-02-14', 2017, 2, 14),
(46, '2017-02-15', 2017, 2, 15),
(47, '2017-02-16', 2017, 2, 16),
(48, '2017-02-17', 2017, 2, 17),
(49, '2017-02-18', 2017, 2, 18),
(50, '2017-02-19', 2017, 2, 19),
(51, '2017-02-20', 2017, 2, 20),
(52, '2017-02-21', 2017, 2, 21),
(53, '2017-02-22', 2017, 2, 22),
(54, '2017-02-23', 2017, 2, 23),
(55, '2017-02-24', 2017, 2, 24),
(56, '2017-02-25', 2017, 2, 25),
(57, '2017-02-26', 2017, 2, 26),
(58, '2017-02-27', 2017, 2, 27),
(59, '2017-02-28', 2017, 2, 28),
(60, '2017-03-01', 2017, 3, 1),
(61, '2017-03-02', 2017, 3, 2),
(62, '2017-03-03', 2017, 3, 3),
(63, '2017-03-04', 2017, 3, 4),
(64, '2017-03-05', 2017, 3, 5),
(65, '2017-03-06', 2017, 3, 6),
(66, '2017-03-07', 2017, 3, 7),
(67, '2017-03-08', 2017, 3, 8),
(68, '2017-03-09', 2017, 3, 9),
(69, '2017-03-10', 2017, 3, 10),
(70, '2017-03-11', 2017, 3, 11),
(71, '2017-03-12', 2017, 3, 12),
(72, '2017-03-13', 2017, 3, 13),
(73, '2017-03-14', 2017, 3, 14),
(74, '2017-03-15', 2017, 3, 15),
(75, '2017-03-16', 2017, 3, 16),
(76, '2017-03-17', 2017, 3, 17),
(77, '2017-03-18', 2017, 3, 18),
(78, '2017-03-19', 2017, 3, 19),
(79, '2017-03-20', 2017, 3, 20),
(80, '2017-03-21', 2017, 3, 21),
(81, '2017-03-22', 2017, 3, 22),
(82, '2017-03-23', 2017, 3, 23),
(83, '2017-03-24', 2017, 3, 24),
(84, '2017-03-25', 2017, 3, 25),
(85, '2017-03-26', 2017, 3, 26),
(86, '2017-03-27', 2017, 3, 27),
(87, '2017-03-28', 2017, 3, 28),
(88, '2017-03-29', 2017, 3, 29),
(89, '2017-03-30', 2017, 3, 30),
(90, '2017-03-31', 2017, 3, 31),
(91, '2017-04-01', 2017, 4, 1),
(92, '2017-04-02', 2017, 4, 2),
(93, '2017-04-03', 2017, 4, 3),
(94, '2017-04-04', 2017, 4, 4),
(95, '2017-04-05', 2017, 4, 5),
(96, '2017-04-06', 2017, 4, 6),
(97, '2017-04-07', 2017, 4, 7),
(98, '2017-04-08', 2017, 4, 8),
(99, '2017-04-09', 2017, 4, 9),
(100, '2017-04-10', 2017, 4, 10),
(101, '2017-04-11', 2017, 4, 11),
(102, '2017-04-12', 2017, 4, 12),
(103, '2017-04-13', 2017, 4, 13),
(104, '2017-04-14', 2017, 4, 14),
(105, '2017-04-15', 2017, 4, 15),
(106, '2017-04-16', 2017, 4, 16),
(107, '2017-04-17', 2017, 4, 17),
(108, '2017-04-18', 2017, 4, 18),
(109, '2017-04-19', 2017, 4, 19),
(110, '2017-04-20', 2017, 4, 20),
(111, '2017-04-21', 2017, 4, 21),
(112, '2017-04-22', 2017, 4, 22),
(113, '2017-04-23', 2017, 4, 23),
(114, '2017-04-24', 2017, 4, 24),
(115, '2017-04-25', 2017, 4, 25),
(116, '2017-04-26', 2017, 4, 26),
(117, '2017-04-27', 2017, 4, 27),
(118, '2017-04-28', 2017, 4, 28),
(119, '2017-04-29', 2017, 4, 29),
(120, '2017-04-30', 2017, 4, 30),
(121, '2017-05-01', 2017, 5, 1),
(122, '2017-05-02', 2017, 5, 2),
(123, '2017-05-03', 2017, 5, 3),
(124, '2017-05-04', 2017, 5, 4),
(125, '2017-05-05', 2017, 5, 5),
(126, '2017-05-06', 2017, 5, 6),
(127, '2017-05-07', 2017, 5, 7),
(128, '2017-05-08', 2017, 5, 8),
(129, '2017-05-09', 2017, 5, 9),
(130, '2017-05-10', 2017, 5, 10),
(131, '2017-05-11', 2017, 5, 11),
(132, '2017-05-12', 2017, 5, 12),
(133, '2017-05-13', 2017, 5, 13),
(134, '2017-05-14', 2017, 5, 14),
(135, '2017-05-15', 2017, 5, 15),
(136, '2017-05-16', 2017, 5, 16),
(137, '2017-05-17', 2017, 5, 17),
(138, '2017-05-18', 2017, 5, 18),
(139, '2017-05-19', 2017, 5, 19),
(140, '2017-05-20', 2017, 5, 20),
(141, '2017-05-21', 2017, 5, 21),
(142, '2017-05-22', 2017, 5, 22),
(143, '2017-05-23', 2017, 5, 23),
(144, '2017-05-24', 2017, 5, 24),
(145, '2017-05-25', 2017, 5, 25),
(146, '2017-05-26', 2017, 5, 26),
(147, '2017-05-27', 2017, 5, 27),
(148, '2017-05-28', 2017, 5, 28),
(149, '2017-05-29', 2017, 5, 29),
(150, '2017-05-30', 2017, 5, 30),
(151, '2017-05-31', 2017, 5, 31),
(152, '2017-06-01', 2017, 6, 1),
(153, '2017-06-02', 2017, 6, 2),
(154, '2017-06-03', 2017, 6, 3),
(155, '2017-06-04', 2017, 6, 4),
(156, '2017-06-05', 2017, 6, 5),
(157, '2017-06-06', 2017, 6, 6),
(158, '2017-06-07', 2017, 6, 7),
(159, '2017-06-08', 2017, 6, 8),
(160, '2017-06-09', 2017, 6, 9),
(161, '2017-06-10', 2017, 6, 10),
(162, '2017-06-11', 2017, 6, 11),
(163, '2017-06-12', 2017, 6, 12),
(164, '2017-06-13', 2017, 6, 13),
(165, '2017-06-14', 2017, 6, 14),
(166, '2017-06-15', 2017, 6, 15),
(167, '2017-06-16', 2017, 6, 16),
(168, '2017-06-17', 2017, 6, 17),
(169, '2017-06-18', 2017, 6, 18),
(170, '2017-06-19', 2017, 6, 19),
(171, '2017-06-20', 2017, 6, 20),
(172, '2017-06-21', 2017, 6, 21),
(173, '2017-06-22', 2017, 6, 22),
(174, '2017-06-23', 2017, 6, 23),
(175, '2017-06-24', 2017, 6, 24),
(176, '2017-06-25', 2017, 6, 25),
(177, '2017-06-26', 2017, 6, 26),
(178, '2017-06-27', 2017, 6, 27),
(179, '2017-06-28', 2017, 6, 28),
(180, '2017-06-29', 2017, 6, 29),
(181, '2017-06-30', 2017, 6, 30),
(182, '2017-07-01', 2017, 7, 1),
(183, '2017-07-02', 2017, 7, 2),
(184, '2017-07-03', 2017, 7, 3),
(185, '2017-07-04', 2017, 7, 4),
(186, '2017-07-05', 2017, 7, 5),
(187, '2017-07-06', 2017, 7, 6),
(188, '2017-07-07', 2017, 7, 7),
(189, '2017-07-08', 2017, 7, 8),
(190, '2017-07-09', 2017, 7, 9),
(191, '2017-07-10', 2017, 7, 10),
(192, '2017-07-11', 2017, 7, 11),
(193, '2017-07-12', 2017, 7, 12),
(194, '2017-07-13', 2017, 7, 13),
(195, '2017-07-14', 2017, 7, 14),
(196, '2017-07-15', 2017, 7, 15),
(197, '2017-07-16', 2017, 7, 16),
(198, '2017-07-17', 2017, 7, 17),
(199, '2017-07-18', 2017, 7, 18),
(200, '2017-07-19', 2017, 7, 19),
(201, '2017-07-20', 2017, 7, 20),
(202, '2017-07-21', 2017, 7, 21),
(203, '2017-07-22', 2017, 7, 22),
(204, '2017-07-23', 2017, 7, 23),
(205, '2017-07-24', 2017, 7, 24),
(206, '2017-07-25', 2017, 7, 25),
(207, '2017-07-26', 2017, 7, 26),
(208, '2017-07-27', 2017, 7, 27),
(209, '2017-07-28', 2017, 7, 28),
(210, '2017-07-29', 2017, 7, 29),
(211, '2017-07-30', 2017, 7, 30),
(212, '2017-07-31', 2017, 7, 31),
(213, '2017-08-01', 2017, 8, 1),
(214, '2017-08-02', 2017, 8, 2),
(215, '2017-08-03', 2017, 8, 3),
(216, '2017-08-04', 2017, 8, 4),
(217, '2017-08-05', 2017, 8, 5),
(218, '2017-08-06', 2017, 8, 6),
(219, '2017-08-07', 2017, 8, 7),
(220, '2017-08-08', 2017, 8, 8),
(221, '2017-08-09', 2017, 8, 9),
(222, '2017-08-10', 2017, 8, 10),
(223, '2017-08-11', 2017, 8, 11),
(224, '2017-08-12', 2017, 8, 12),
(225, '2017-08-13', 2017, 8, 13),
(226, '2017-08-14', 2017, 8, 14),
(227, '2017-08-15', 2017, 8, 15),
(228, '2017-08-16', 2017, 8, 16),
(229, '2017-08-17', 2017, 8, 17),
(230, '2017-08-18', 2017, 8, 18),
(231, '2017-08-19', 2017, 8, 19),
(232, '2017-08-20', 2017, 8, 20),
(233, '2017-08-21', 2017, 8, 21),
(234, '2017-08-22', 2017, 8, 22),
(235, '2017-08-23', 2017, 8, 23),
(236, '2017-08-24', 2017, 8, 24),
(237, '2017-08-25', 2017, 8, 25),
(238, '2017-08-26', 2017, 8, 26),
(239, '2017-08-27', 2017, 8, 27),
(240, '2017-08-28', 2017, 8, 28),
(241, '2017-08-29', 2017, 8, 29),
(242, '2017-08-30', 2017, 8, 30),
(243, '2017-08-31', 2017, 8, 31),
(244, '2017-09-01', 2017, 9, 1),
(245, '2017-09-02', 2017, 9, 2),
(246, '2017-09-03', 2017, 9, 3),
(247, '2017-09-04', 2017, 9, 4),
(248, '2017-09-05', 2017, 9, 5),
(249, '2017-09-06', 2017, 9, 6),
(250, '2017-09-07', 2017, 9, 7);

-- --------------------------------------------------------

--
-- Table structure for table `dimemployees`
--

CREATE TABLE `dimemployees` (
  `id_dimEmployee` int(11) NOT NULL,
  `employeeID` int(11) DEFAULT NULL,
  `fullName` varchar(255) DEFAULT NULL
) ENGINE=InnoDB DEFAULT CHARSET=utf8mb4 COLLATE=utf8mb4_general_ci;

--
-- Dumping data for table `dimemployees`
--

INSERT INTO `dimemployees` (`id_dimEmployee`, `employeeID`, `fullName`) VALUES
(1, 1, 'Nicole Fuller'),
(2, 2, 'Christine Palmer'),
(3, 3, 'Pablo Cline'),
(4, 4, 'Darnell Nielsen'),
(5, 5, 'Desiree Stuart'),
(6, 6, 'Holly Collins'),
(7, 7, 'Chadwick Cook'),
(8, 8, 'Julie Dyer'),
(9, 9, 'Daphne King'),
(10, 10, 'Jean Vang'),
(11, 11, 'Sonya Dickson'),
(12, 12, 'Lindsay Chen'),
(13, 13, 'Katina Marks'),
(14, 14, 'Wendi Buckley'),
(15, 15, 'Kari Finley'),
(16, 16, 'Chadwick Walton'),
(17, 17, 'Seth Franco'),
(18, 18, 'Warren Bartlett'),
(19, 19, 'Bernard Moody'),
(20, 20, 'Shelby Riddle'),
(21, 21, 'Devon Brewer'),
(22, 22, 'Tonia Mc Millan'),
(23, 23, 'Janet Flowers');

-- --------------------------------------------------------

--
-- Table structure for table `factqty`
--

CREATE TABLE `factqty` (
  `id_dimCust` int(11) DEFAULT NULL,
  `id_dimDate` int(11) DEFAULT NULL,
  `Quantity` int(11) NOT NULL
) ENGINE=InnoDB DEFAULT CHARSET=utf8mb4 COLLATE=utf8mb4_general_ci;

--
-- Dumping data for table `factqty`
--

INSERT INTO `factqty` (`id_dimCust`, `id_dimDate`, `Quantity`) VALUES
(116, 22, 7),
(19, 244, 7),
(150, 156, 24),
(88, 49, 19),
(189, 23, 9),
(77, 220, 8),
(19, 30, 12),
(64, 239, 4),
(59, 105, 23),
(102, 57, 17),
(131, 222, 18),
(146, 186, 8),
(133, 13, 8),
(27, 7, 9),
(135, 244, 5),
(193, 201, 24),
(153, 21, 4),
(186, 250, 25),
(65, 189, 1),
(171, 195, 13),
(54, 159, 24),
(158, 206, 6),
(22, 53, 9),
(38, 147, 17),
(120, 74, 12),
(86, 180, 23),
(67, 179, 4),
(74, 103, 12),
(170, 226, 1),
(23, 71, 20),
(4, 176, 23),
(151, 165, 13),
(139, 50, 11),
(41, 4, 5),
(187, 117, 20),
(6, 73, 6),
(70, 14, 13),
(131, 101, 18),
(42, 212, 16),
(18, 7, 6),
(161, 148, 7),
(148, 217, 4),
(52, 143, 19),
(17, 61, 18),
(127, 129, 7),
(180, 209, 8),
(116, 156, 22),
(40, 155, 18),
(49, 55, 24),
(123, 59, 5),
(67, 129, 4),
(163, 218, 11),
(10, 205, 8),
(165, 117, 20),
(189, 223, 18),
(47, 10, 1),
(66, 132, 23),
(190, 129, 8),
(149, 249, 8),
(170, 108, 12),
(3, 43, 4),
(104, 140, 1),
(110, 70, 4),
(34, 180, 3),
(41, 190, 20),
(101, 159, 6),
(181, 224, 22),
(196, 142, 3),
(34, 40, 15),
(183, 22, 25),
(6, 241, 11),
(85, 138, 11),
(202, 217, 9),
(152, 170, 21),
(152, 197, 7),
(100, 224, 20),
(42, 29, 13),
(113, 223, 17),
(32, 27, 11),
(24, 215, 5),
(20, 242, 1),
(27, 67, 12),
(75, 106, 13),
(92, 79, 21),
(32, 76, 17),
(82, 141, 12),
(114, 230, 5),
(121, 225, 17),
(58, 186, 12),
(128, 4, 19),
(61, 212, 8),
(121, 48, 6),
(17, 104, 11),
(125, 125, 5),
(170, 64, 3),
(73, 193, 6),
(52, 24, 1),
(40, 41, 17),
(41, 130, 24),
(84, 27, 2),
(94, 245, 11),
(17, 142, 20),
(202, 225, 4),
(154, 197, 24),
(164, 62, 19),
(154, 216, 18),
(76, 145, 2),
(119, 76, 13),
(162, 194, 13),
(53, 242, 23),
(176, 129, 14),
(117, 166, 7),
(55, 192, 23),
(125, 211, 3),
(58, 229, 11),
(112, 11, 18),
(185, 120, 13),
(185, 66, 8),
(166, 219, 12),
(76, 147, 8),
(78, 78, 1),
(161, 197, 5),
(166, 3, 16),
(145, 172, 22),
(27, 99, 18),
(99, 230, 5),
(10, 103, 1),
(155, 73, 5),
(138, 58, 19),
(24, 68, 2),
(108, 165, 20),
(64, 120, 22),
(194, 104, 19),
(172, 159, 9),
(78, 232, 19),
(74, 184, 7),
(134, 225, 9),
(45, 72, 15),
(24, 184, 2),
(183, 205, 25),
(36, 221, 10),
(31, 239, 17),
(46, 33, 5),
(135, 196, 15),
(132, 131, 5),
(56, 66, 2),
(82, 188, 9),
(41, 241, 8),
(159, 138, 19),
(66, 220, 11),
(51, 183, 19),
(59, 6, 19),
(138, 229, 5),
(112, 127, 16),
(144, 200, 1),
(180, 115, 7),
(63, 226, 4),
(178, 35, 7),
(97, 246, 7),
(152, 126, 15),
(62, 140, 18),
(54, 71, 23),
(82, 186, 20),
(47, 216, 11),
(186, 20, 4),
(188, 202, 18),
(177, 200, 14),
(119, 144, 14),
(61, 119, 10),
(148, 161, 5),
(154, 197, 9),
(123, 4, 24),
(153, 178, 6),
(194, 126, 13),
(106, 97, 24),
(147, 106, 9),
(13, 240, 25),
(24, 132, 2),
(80, 188, 17),
(124, 46, 16),
(179, 163, 21),
(118, 175, 18),
(50, 138, 11),
(99, 162, 8),
(139, 148, 8),
(199, 1, 2),
(172, 64, 17),
(62, 63, 3),
(193, 123, 8),
(174, 178, 13),
(89, 19, 3),
(123, 61, 2),
(145, 248, 8),
(154, 55, 13),
(134, 30, 7),
(5, 237, 12),
(23, 93, 23),
(98, 2, 19),
(17, 234, 11),
(190, 160, 12),
(96, 100, 14),
(109, 20, 21),
(56, 50, 24),
(153, 188, 14),
(191, 38, 2),
(94, 127, 20),
(94, 22, 13),
(189, 229, 18),
(57, 77, 18),
(117, 199, 18),
(11, 12, 7),
(107, 213, 2),
(98, 28, 16),
(167, 250, 16),
(138, 166, 19),
(186, 78, 25),
(111, 140, 13),
(199, 219, 12),
(58, 175, 4),
(93, 216, 3),
(87, 53, 2),
(154, 117, 11),
(108, 177, 7),
(75, 34, 23),
(52, 136, 3),
(30, 77, 8),
(196, 228, 16),
(83, 159, 18),
(27, 111, 6),
(84, 78, 12),
(138, 56, 12),
(32, 44, 6),
(148, 51, 16),
(41, 123, 6),
(160, 212, 3),
(75, 188, 1),
(91, 57, 19),
(31, 218, 22),
(79, 167, 7),
(101, 184, 13),
(67, 165, 14),
(27, 26, 25),
(135, 132, 11),
(190, 83, 16),
(144, 20, 6),
(146, 98, 2),
(95, 181, 12),
(36, 109, 17),
(96, 1, 19),
(170, 178, 7);

-- --------------------------------------------------------

--
-- Table structure for table `facttotal`
--

CREATE TABLE `facttotal` (
  `id_dimDate` int(11) DEFAULT NULL,
  `id_dimEmployee` int(11) DEFAULT NULL,
  `id_dimCust` int(11) DEFAULT NULL,
  `totalPrice` decimal(5,2) DEFAULT NULL
) ENGINE=InnoDB DEFAULT CHARSET=utf8mb4 COLLATE=utf8mb4_general_ci;

--
-- Dumping data for table `facttotal`
--

INSERT INTO `facttotal` (`id_dimDate`, `id_dimEmployee`, `id_dimCust`, `totalPrice`) VALUES
(22, 6, 116, 9.60),
(244, 16, 19, 2.80),
(156, 13, 150, 9.40),
(49, 8, 88, 5.40),
(23, 10, 189, 0.10),
(220, 13, 77, 8.80),
(30, 14, 19, 5.30),
(239, 3, 64, 5.30),
(105, 16, 59, 7.00),
(57, 22, 102, 5.40),
(222, 5, 131, 7.60),
(186, 17, 146, 8.30),
(13, 22, 133, 5.60),
(7, 7, 27, 6.60),
(244, 19, 135, 3.40),
(201, 16, 193, 2.10),
(21, 8, 153, 9.60),
(250, 17, 186, 5.00),
(189, 23, 65, 4.70),
(195, 18, 171, 5.80),
(159, 16, 54, 7.40),
(206, 18, 158, 0.60),
(53, 1, 22, 0.80),
(147, 23, 38, 9.90),
(74, 7, 120, 4.30),
(180, 14, 86, 4.90),
(179, 10, 67, 0.90),
(103, 6, 74, 2.20),
(226, 11, 170, 9.60),
(71, 4, 23, 0.90),
(176, 4, 4, 2.10),
(165, 22, 151, 4.60),
(50, 15, 139, 8.70),
(4, 4, 41, 7.70),
(117, 2, 187, 9.10),
(73, 3, 6, 7.40),
(14, 20, 70, 9.40),
(101, 9, 131, 4.80),
(212, 7, 42, 8.80),
(7, 3, 18, 3.50),
(148, 17, 161, 2.50),
(217, 14, 148, 6.40),
(143, 15, 52, 0.30),
(61, 12, 17, 2.40),
(129, 5, 127, 1.80),
(209, 13, 180, 0.20),
(156, 5, 116, 9.80),
(155, 16, 40, 3.00),
(55, 18, 49, 3.50),
(59, 21, 123, 5.60),
(129, 21, 67, 5.70),
(218, 13, 163, 0.30),
(205, 20, 10, 0.60),
(117, 9, 165, 7.50),
(223, 7, 189, 8.30),
(10, 12, 47, 1.30),
(132, 15, 66, 8.60),
(129, 14, 190, 7.20),
(249, 2, 149, 6.60),
(108, 20, 170, 2.10),
(43, 3, 3, 1.10),
(140, 9, 104, 0.10),
(70, 16, 110, 6.40),
(180, 12, 34, 5.40),
(190, 18, 41, 1.20),
(159, 6, 101, 1.80),
(224, 3, 181, 2.20),
(142, 19, 196, 1.40),
(40, 6, 34, 5.20),
(22, 16, 183, 9.60),
(241, 19, 6, 4.20),
(138, 22, 85, 3.50),
(217, 11, 202, 3.80),
(170, 21, 152, 3.70),
(197, 1, 152, 6.20),
(224, 2, 100, 6.60),
(29, 4, 42, 3.40),
(223, 13, 113, 0.90),
(27, 18, 32, 4.00),
(215, 18, 24, 2.80),
(242, 10, 20, 8.30),
(67, 18, 27, 2.40),
(106, 11, 75, 7.00),
(79, 13, 92, 2.00),
(76, 7, 32, 3.40),
(141, 15, 82, 8.70),
(230, 3, 114, 6.40),
(225, 7, 121, 5.40),
(186, 20, 58, 9.10),
(4, 14, 128, 4.20),
(212, 11, 61, 9.80),
(48, 7, 121, 5.90),
(104, 7, 17, 1.70),
(125, 11, 125, 0.30),
(64, 23, 170, 2.10),
(193, 9, 73, 8.50),
(24, 21, 52, 7.70),
(41, 4, 40, 7.80),
(130, 17, 41, 3.20),
(27, 23, 84, 8.80),
(245, 10, 94, 4.80),
(142, 10, 17, 0.30),
(225, 10, 202, 3.10),
(197, 2, 154, 2.20),
(62, 2, 164, 7.20),
(216, 22, 154, 2.30),
(145, 2, 76, 3.90),
(76, 23, 119, 6.30),
(194, 8, 162, 4.90),
(242, 6, 53, 3.20),
(129, 8, 176, 3.70),
(166, 3, 117, 0.20),
(192, 20, 55, 5.40),
(211, 8, 125, 2.40),
(229, 10, 58, 5.20),
(11, 8, 112, 4.50),
(120, 21, 185, 7.10),
(66, 3, 185, 1.00),
(219, 5, 166, 6.40),
(147, 4, 76, 4.10),
(78, 4, 78, 2.30),
(197, 19, 161, 7.40),
(3, 23, 166, 1.80),
(172, 15, 145, 2.10),
(99, 5, 27, 2.10),
(230, 13, 99, 8.70),
(103, 16, 10, 6.00),
(73, 23, 155, 8.40),
(58, 21, 138, 3.10),
(68, 16, 24, 8.90),
(165, 4, 108, 9.70),
(120, 1, 64, 7.20),
(104, 20, 194, 1.00),
(159, 19, 172, 9.00),
(232, 8, 78, 8.10),
(184, 23, 74, 1.00),
(225, 8, 134, 4.00),
(72, 10, 45, 4.80),
(184, 11, 24, 8.00),
(205, 8, 183, 9.20),
(221, 13, 36, 9.20),
(239, 4, 31, 1.90),
(33, 23, 46, 9.90),
(196, 14, 135, 6.00),
(131, 6, 132, 8.80),
(66, 9, 56, 3.00),
(188, 11, 82, 4.90),
(241, 23, 41, 2.00),
(138, 1, 159, 2.80),
(220, 15, 66, 7.80),
(183, 11, 51, 3.60),
(6, 19, 59, 3.30),
(229, 22, 138, 9.20),
(127, 13, 112, 5.70),
(200, 19, 144, 4.50),
(115, 15, 180, 8.30),
(226, 11, 63, 6.20),
(35, 19, 178, 4.20),
(246, 20, 97, 8.40),
(126, 13, 152, 3.00),
(140, 7, 62, 9.00),
(71, 2, 54, 1.00),
(186, 2, 82, 1.80),
(216, 15, 47, 2.50),
(20, 2, 186, 8.50),
(202, 8, 188, 4.90),
(200, 7, 177, 7.10),
(144, 1, 119, 7.40),
(119, 1, 61, 9.00),
(161, 10, 148, 7.70),
(197, 1, 154, 4.30),
(4, 12, 123, 2.10),
(178, 16, 153, 4.40),
(126, 20, 194, 4.00),
(97, 14, 106, 4.80),
(106, 1, 147, 3.90),
(240, 20, 13, 9.90),
(132, 9, 24, 6.60),
(188, 10, 80, 0.30),
(46, 20, 124, 9.50),
(163, 3, 179, 5.60),
(175, 16, 118, 3.30),
(138, 23, 50, 9.40),
(162, 7, 99, 0.90),
(148, 6, 139, 9.30),
(1, 9, 199, 9.00),
(64, 2, 172, 6.30),
(63, 7, 62, 9.40),
(123, 23, 193, 2.10),
(178, 16, 174, 7.10),
(19, 13, 89, 3.10),
(61, 13, 123, 3.20),
(248, 13, 145, 1.20),
(55, 22, 154, 5.30),
(30, 2, 134, 0.10),
(237, 11, 5, 5.00),
(93, 2, 23, 4.00),
(2, 8, 98, 0.10),
(234, 13, 17, 1.20),
(160, 21, 190, 3.90),
(100, 3, 96, 8.20),
(20, 10, 109, 1.10),
(50, 23, 56, 8.50),
(188, 14, 153, 8.50),
(38, 15, 191, 9.00),
(127, 23, 94, 8.30),
(22, 3, 94, 4.50),
(229, 2, 189, 5.30),
(77, 22, 57, 3.30),
(199, 19, 117, 3.60),
(12, 18, 11, 1.00),
(213, 3, 107, 6.30),
(28, 9, 98, 0.50),
(250, 1, 167, 2.10),
(166, 11, 138, 8.40),
(78, 14, 186, 5.70),
(140, 3, 111, 2.80),
(219, 19, 199, 7.30),
(175, 10, 58, 1.80),
(216, 16, 93, 0.60),
(53, 7, 87, 7.40),
(117, 23, 154, 3.70),
(177, 1, 108, 6.80),
(34, 8, 75, 1.10),
(136, 21, 52, 1.50),
(77, 11, 30, 2.50),
(228, 22, 196, 8.80),
(159, 18, 83, 3.90),
(111, 19, 27, 9.30),
(78, 4, 84, 5.90),
(56, 22, 138, 5.50),
(44, 13, 32, 2.20),
(51, 19, 148, 5.30),
(123, 12, 41, 0.60),
(212, 18, 160, 8.40),
(188, 16, 75, 8.80),
(57, 17, 91, 8.40),
(218, 9, 31, 0.40),
(167, 15, 79, 3.30),
(184, 6, 101, 5.00),
(165, 6, 67, 3.90),
(26, 1, 27, 1.00),
(132, 8, 135, 8.90),
(83, 5, 190, 3.90),
(20, 22, 144, 4.50),
(98, 11, 146, 8.90),
(181, 4, 95, 7.50),
(109, 13, 36, 4.10),
(1, 11, 96, 4.30),
(178, 11, 170, 3.40);

--
-- Indexes for dumped tables
--

--
-- Indexes for table `dimcust`
--
ALTER TABLE `dimcust`
  ADD PRIMARY KEY (`id_dimCust`),
  ADD UNIQUE KEY `customerID` (`customerID`);

--
-- Indexes for table `dimdate`
--
ALTER TABLE `dimdate`
  ADD PRIMARY KEY (`id_dimDate`);

--
-- Indexes for table `dimemployees`
--
ALTER TABLE `dimemployees`
  ADD PRIMARY KEY (`id_dimEmployee`),
  ADD UNIQUE KEY `employeeID` (`employeeID`);

--
-- Indexes for table `factqty`
--
ALTER TABLE `factqty`
  ADD KEY `id_dimCust` (`id_dimCust`),
  ADD KEY `id_dimDate` (`id_dimDate`);

--
-- Indexes for table `facttotal`
--
ALTER TABLE `facttotal`
  ADD KEY `id_dimDate` (`id_dimDate`),
  ADD KEY `id_dimEmployee` (`id_dimEmployee`),
  ADD KEY `id_dimCust` (`id_dimCust`);

--
-- AUTO_INCREMENT for dumped tables
--

--
-- AUTO_INCREMENT for table `dimcust`
--
ALTER TABLE `dimcust`
  MODIFY `id_dimCust` int(11) NOT NULL AUTO_INCREMENT, AUTO_INCREMENT=203;

--
-- AUTO_INCREMENT for table `dimdate`
--
ALTER TABLE `dimdate`
  MODIFY `id_dimDate` int(11) NOT NULL AUTO_INCREMENT, AUTO_INCREMENT=251;

--
-- AUTO_INCREMENT for table `dimemployees`
--
ALTER TABLE `dimemployees`
  MODIFY `id_dimEmployee` int(11) NOT NULL AUTO_INCREMENT, AUTO_INCREMENT=24;

--
-- Constraints for dumped tables
--

--
-- Constraints for table `factqty`
--
ALTER TABLE `factqty`
  ADD CONSTRAINT `factqty_ibfk_1` FOREIGN KEY (`id_dimCust`) REFERENCES `dimcust` (`id_dimCust`),
  ADD CONSTRAINT `factqty_ibfk_2` FOREIGN KEY (`id_dimDate`) REFERENCES `dimdate` (`id_dimDate`);

--
-- Constraints for table `facttotal`
--
ALTER TABLE `facttotal`
  ADD CONSTRAINT `facttotal_ibfk_1` FOREIGN KEY (`id_dimDate`) REFERENCES `dimdate` (`id_dimDate`),
  ADD CONSTRAINT `facttotal_ibfk_2` FOREIGN KEY (`id_dimEmployee`) REFERENCES `dimemployees` (`id_dimEmployee`),
  ADD CONSTRAINT `facttotal_ibfk_3` FOREIGN KEY (`id_dimCust`) REFERENCES `dimcust` (`id_dimCust`);
COMMIT;

/*!40101 SET CHARACTER_SET_CLIENT=@OLD_CHARACTER_SET_CLIENT */;
/*!40101 SET CHARACTER_SET_RESULTS=@OLD_CHARACTER_SET_RESULTS */;
/*!40101 SET COLLATION_CONNECTION=@OLD_COLLATION_CONNECTION */;
