-- phpMyAdmin SQL Dump
-- version 5.2.1
-- https://www.phpmyadmin.net/
--
-- Host: 127.0.0.1
-- Generation Time: Jun 26, 2025 at 07:41 PM
-- Server version: 10.4.32-MariaDB
-- PHP Version: 8.2.12

SET SQL_MODE = "NO_AUTO_VALUE_ON_ZERO";
START TRANSACTION;
SET time_zone = "+00:00";


/*!40101 SET @OLD_CHARACTER_SET_CLIENT=@@CHARACTER_SET_CLIENT */;
/*!40101 SET @OLD_CHARACTER_SET_RESULTS=@@CHARACTER_SET_RESULTS */;
/*!40101 SET @OLD_COLLATION_CONNECTION=@@COLLATION_CONNECTION */;
/*!40101 SET NAMES utf8mb4 */;

--
-- Database: `uas_dw`
--

-- --------------------------------------------------------

--
-- Table structure for table `categories`
--

CREATE TABLE `categories` (
  `CategoryID` int(2) DEFAULT NULL,
  `CategoryName` varchar(11) DEFAULT NULL
) ENGINE=InnoDB DEFAULT CHARSET=utf8 COLLATE=utf8_general_ci;

--
-- Dumping data for table `categories`
--

INSERT INTO `categories` (`CategoryID`, `CategoryName`) VALUES
(1, 'Confections'),
(2, 'Shell fish'),
(3, 'Cereals'),
(4, 'Dairy'),
(5, 'Beverages'),
(6, 'Seafood'),
(7, 'Meat'),
(8, 'Grain'),
(9, 'Poultry'),
(10, 'Snails'),
(11, 'Produce');

-- --------------------------------------------------------

--
-- Table structure for table `cities`
--

CREATE TABLE `cities` (
  `CityID` int(2) DEFAULT NULL,
  `CityName` varchar(14) DEFAULT NULL,
  `Zipcode` varchar(5) DEFAULT NULL,
  `CountryID` int(2) DEFAULT NULL
) ENGINE=InnoDB DEFAULT CHARSET=utf8 COLLATE=utf8_general_ci;

--
-- Dumping data for table `cities`
--

INSERT INTO `cities` (`CityID`, `CityName`, `Zipcode`, `CountryID`) VALUES
(1, 'Dayton', '80563', 32),
(2, 'Buffalo', '17420', 32),
(3, 'Chicago', '44751', 32),
(4, 'Fremont', '20641', 32),
(5, 'Virginia Beach', '62389', 32),
(6, 'Austin', '00781', 32),
(7, 'Riverside', '01439', 32),
(8, 'Arlington', '12654', 32),
(9, 'Atlanta', '66212', 32),
(10, 'Toledo', '52048', 32),
(11, 'Spokane', '38103', 32),
(12, 'Tacoma', '43085', 32),
(13, 'Akron', '83448', 32),
(14, 'Indianapolis', '81678', 32),
(15, 'Colorado', '88609', 32),
(16, 'Norfolk', '88825', 32),
(17, 'St. Louis', '19382', 32),
(18, 'Little Rock', '81251', 32),
(19, 'Omaha', '24733', 32),
(20, 'El Paso', '95963', 32),
(21, 'Milwaukee', '78846', 32),
(22, 'Baton Rouge', '21874', 32),
(23, 'Anaheim', '21500', 32),
(24, 'Lincoln', '95386', 32),
(25, 'Boston', '59548', 32),
(26, 'Des Moines', '40742', 32),
(27, 'Mesa', '60852', 32),
(28, 'Tucson', '34760', 32),
(29, 'Washington', '63454', 32),
(30, 'Philadelphia', '17498', 32),
(31, 'Wichita', '93028', 32),
(32, 'Jackson', '40971', 32),
(33, 'Minneapolis', '95451', 32),
(34, 'Fort Wayne', '48982', 32),
(35, 'Greensboro', '35659', 32),
(36, 'Detroit', '72819', 32),
(37, 'Fresno', '90795', 32),
(38, 'Richmond', '72757', 32),
(39, 'Lubbock', '58464', 32),
(40, 'Cleveland', '51352', 32),
(41, 'Bakersfield', '13915', 32),
(42, 'Denver', '18752', 32),
(43, 'Glendale', '32198', 32),
(44, 'Memphis', '73999', 32),
(45, 'Dallas', '20151', 32),
(46, 'New York', '17104', 32),
(47, 'San Francisco', '00157', 32),
(48, 'Long Beach', '97859', 32),
(49, 'Montgomery', '08944', 32),
(50, 'Cincinnati', '83634', 32),
(51, 'Portland', '79636', 32),
(52, 'Madison', '14626', 32),
(53, 'Las Vegas', '90989', 32),
(54, 'Albuquerque', '55358', 32),
(55, 'Houston', '95800', 32),
(56, 'Stockton', '46777', 32),
(57, 'Nashville', '60874', 32),
(58, 'Columbus', '87987', 32),
(59, 'Kansas', '56647', 32),
(60, 'Fort Worth', '41769', 32),
(61, 'Miami', '06794', 32),
(62, 'Mobile', '78861', 32),
(63, 'Tulsa', '69923', 32),
(64, 'Raleigh', '20327', 32),
(65, 'Baltimore', '89197', 32),
(66, 'Shreveport', '82101', 32),
(67, 'Corpus Christi', '78414', 32),
(68, 'Anchorage', '29493', 32),
(69, 'Oakland', '29029', 32),
(70, 'Rochester', '00415', 32),
(71, 'Phoenix', '84193', 32),
(72, 'Honolulu', '93782', 32),
(73, 'Santa Ana', '23419', 32),
(74, 'Tampa', '81280', 32),
(75, 'San Antonio', '03863', 32),
(76, 'Birmingham', '14935', 32),
(77, 'Louisville', '04409', 32),
(78, 'San Diego', '83701', 32),
(79, 'Oklahoma', '40472', 32),
(80, 'New Orleans', '35640', 32),
(81, 'Sacramento', '81966', 32),
(82, 'Charlotte', '39774', 32),
(83, 'Aurora', '40050', 32),
(84, 'Newark', '31536', 32),
(85, 'St. Petersburg', '88713', 32),
(86, 'San Jose', '45666', 32),
(87, 'Los Angeles', '63756', 32),
(88, 'Seattle', '20135', 32),
(89, 'St. Paul', '77998', 32),
(90, 'Grand Rapids', '70862', 32),
(91, 'Jacksonville', '68274', 32),
(92, 'Hialeah', '34375', 32),
(93, 'Jersey', '55355', 32),
(94, 'Yonkers', '07430', 32),
(95, 'Garland', '73265', 32),
(96, 'Pittsburgh', '14257', 32);

-- --------------------------------------------------------

--
-- Table structure for table `countries`
--

CREATE TABLE `countries` (
  `CountryID` int(3) DEFAULT NULL,
  `CountryName` varchar(14) DEFAULT NULL,
  `CountryCode` varchar(2) DEFAULT NULL
) ENGINE=InnoDB DEFAULT CHARSET=utf8 COLLATE=utf8_general_ci;

--
-- Dumping data for table `countries`
--

INSERT INTO `countries` (`CountryID`, `CountryName`, `CountryCode`) VALUES
(1, 'Armenia', 'AN'),
(2, 'Canada', 'FO'),
(3, 'Belize', 'MK'),
(4, 'Uganda', 'LV'),
(5, 'Thailand', 'VI'),
(6, 'Tunisia', 'GF'),
(7, 'Montserrat', 'MM'),
(8, 'Iraq', 'AO'),
(9, 'Slovakia', 'CG'),
(10, 'Germany', 'TT'),
(11, 'Mauritania', 'PM'),
(12, 'Israel', 'SV'),
(13, 'Panama', 'BE'),
(14, 'Kazakhstan', 'MS'),
(15, 'Swaziland', 'MP'),
(16, 'Malawi', 'MV'),
(17, 'Malta', 'BO'),
(18, 'Czech Republic', 'AF'),
(19, 'Mauritius', 'CZ'),
(20, 'Luxembourg', 'LB'),
(21, 'Macedonia', 'MA'),
(22, 'Haiti', 'SG'),
(23, 'Saint Helena', 'IN'),
(24, 'Austria', 'CM'),
(25, 'Bahrain', 'YT'),
(26, 'Denmark', 'TN'),
(27, 'Zambia', 'LK'),
(28, 'Paraguay', 'BB'),
(29, 'Oman', 'DZ'),
(30, 'Honduras', 'JO'),
(31, 'Congo', 'TR'),
(32, 'United States', 'AR'),
(33, 'Comoros', 'LR'),
(34, 'Macao', 'RE'),
(35, 'Uruguay', 'IO'),
(36, 'Moldova', 'GL'),
(37, 'Vatican City', 'NF'),
(38, 'Liechtenstein', 'LU'),
(39, 'Guatemala', 'ES'),
(40, 'Bermuda', 'AG'),
(41, 'Sudan', 'FJ'),
(42, 'Guinea', 'PW'),
(43, 'Cape Verde', 'AQ'),
(44, 'Liberia', 'SZ'),
(45, 'Libya', 'DJ'),
(46, 'Tuvalu', 'EC'),
(47, 'Kenya', 'BV'),
(48, 'Finland', 'CV'),
(49, 'Azerbaijan', 'GU'),
(50, 'Aruba', 'AU'),
(51, 'San Marino', 'AS'),
(52, 'Italy', 'AZ'),
(53, 'Djibouti', 'SR'),
(54, 'Isle of Man', 'KG'),
(55, 'Dominica', 'IL'),
(56, 'Virgin Islands', 'KY'),
(57, 'Benin', 'TF'),
(58, 'South Georgia', 'VU'),
(59, 'Grenada', 'NZ'),
(60, 'Philippines', 'RO'),
(61, 'Cook Islands', 'DM'),
(62, 'Guyana', 'MT'),
(63, 'Lesotho', 'VG'),
(64, 'Somalia', 'FR'),
(65, 'Lebanon', 'LA'),
(66, 'Greece', 'TJ'),
(67, 'Samoa', 'GN'),
(68, 'Estonia', 'NG'),
(69, 'Argentina', 'CO'),
(70, 'Namibia', 'TC'),
(71, 'Suriname', 'CK'),
(72, 'Algeria', 'NE'),
(73, 'Portugal', 'VE'),
(74, 'Serbia', 'KP'),
(75, 'France', 'ZM'),
(76, 'Tonga', 'HU'),
(77, 'Jamaica', 'JP'),
(78, 'South Korea', 'ML'),
(79, 'Egypt', 'GQ'),
(80, 'American Samoa', 'TD'),
(81, 'Cameroon', 'FI'),
(82, 'Gibraltar', 'PH'),
(83, 'Bhutan', 'BJ'),
(84, 'Falklands', 'KR'),
(85, 'Yemen', 'NO'),
(86, 'Latvia', 'BM'),
(87, 'Togo', 'YU'),
(88, 'Albania', 'MG'),
(89, 'Kiribati', 'ST'),
(90, 'Hungary', 'HT'),
(91, 'Bulgaria', 'AM'),
(92, 'Gabon', 'ZA'),
(93, 'Nigeria', 'BZ'),
(94, 'Barbados', 'SO'),
(95, 'Montenegro', 'MD'),
(96, 'Kyrgyzstan', 'CC'),
(97, 'Tajikistan', 'BG'),
(98, 'Western Sahara', 'JM'),
(99, 'Uzbekistan', 'CY'),
(100, 'Nicaragua', 'PR'),
(101, 'Bolivia', 'EH'),
(102, 'Romania', 'NI'),
(103, 'Slovenia', 'TK'),
(104, 'Seychelles', 'CF'),
(105, 'Puerto Rico', 'MO'),
(106, 'Cyprus', 'SE'),
(107, 'Ghana', 'KN'),
(108, 'Pakistan', 'GB'),
(109, 'Réunion', 'BH'),
(110, 'Croatia', 'BT'),
(111, 'Venezuela', 'AW'),
(112, 'Antarctica', 'PN'),
(113, 'Colombia', 'LI'),
(114, 'Singapore', 'HN'),
(115, 'Tanzania', 'UY'),
(116, 'Iran', 'BS'),
(117, 'Saudi Arabia', 'QA'),
(118, 'El Salvador', 'KH'),
(119, 'Malaysia', 'BI'),
(120, 'Vietnam', 'SK'),
(121, 'Norway', 'HM'),
(122, 'Afghanistan', 'EE'),
(123, 'Indonesia', 'SL'),
(124, 'Morocco', 'GM'),
(125, 'New Caledonia', 'TH'),
(126, 'Nepal', 'GA'),
(127, 'Belgium', 'IE'),
(128, 'Eire', 'SM'),
(129, 'Jersey', 'CR'),
(130, 'Cambodia', 'LS'),
(131, 'Timor-Leste', 'MX'),
(132, 'Micronesia', 'KM'),
(133, 'Jordan', 'SD'),
(134, 'Poland', 'SI'),
(135, 'Rwanda', 'AD'),
(136, 'Botswana', 'RW'),
(137, 'Fiji', 'MQ'),
(138, 'Netherlands', 'DK'),
(139, 'Ethiopia', 'US'),
(140, 'Kuwait', 'IT'),
(141, 'China', 'GP'),
(142, 'Guam', 'CI'),
(143, 'Mexico', 'WS'),
(144, 'Andorra', 'GY'),
(145, 'United Kingdom', 'TG'),
(146, 'Australia', 'NA'),
(147, 'Côte d\'Ivoire', 'ZW'),
(148, 'Mali', 'BF'),
(149, 'India', 'TV'),
(150, 'Cuba', 'CA'),
(151, 'Iceland', 'ID'),
(152, 'Senegal', 'BW'),
(153, 'Sweden', 'TO'),
(154, 'Vanuatu', 'HK'),
(155, 'Bangladesh', 'KZ'),
(156, 'Madagascar', 'CN'),
(157, 'French Guiana', 'CH'),
(158, 'Japan', 'FK'),
(159, 'Eritrea', 'CX'),
(160, 'Mozambique', 'AT'),
(161, 'Bahamas', 'GT'),
(162, 'Sierra Leone', 'GW'),
(163, 'Taiwan', 'PT'),
(164, 'Martinique', 'GR'),
(165, 'Zimbabwe', 'LT'),
(166, 'Brazil', 'PF'),
(167, 'Syria', 'VN'),
(168, 'Gambia', 'AE'),
(169, 'Belarus', 'TW'),
(170, 'South Africa', 'KE'),
(171, 'Trinidad', 'CL'),
(172, 'Guinea-Bissau', 'NL'),
(173, 'Angola', 'MC'),
(174, 'Peru', 'KI'),
(175, 'Saint Lucia', 'SC'),
(176, 'Spain', 'BR'),
(177, 'Lithuania', 'OM'),
(178, 'Sri Lanka', 'UZ'),
(179, 'Ukraine', 'SJ'),
(180, 'Nauru', 'NU'),
(181, 'Niue', 'BD'),
(182, 'Pitcairn', 'UM'),
(183, 'Guadeloupe', 'DE'),
(184, 'Burkina Faso', 'SN'),
(185, 'Costa Rica', 'TM'),
(186, 'Switzerland', 'SY'),
(187, 'Hong Kong', 'RU'),
(188, 'Georgia', 'UA'),
(189, 'Guernsey', 'UG'),
(190, 'Qatar', 'MR'),
(191, 'North Korea', 'TZ'),
(192, 'Burundi', 'DO'),
(193, 'New Zealand', 'MN'),
(194, 'Palau', 'PK'),
(195, 'Chile', 'IQ'),
(196, 'Turkey', 'AI'),
(197, 'Anguilla', 'WF'),
(198, 'Russia', 'BA'),
(199, 'Ecuador', 'BY'),
(200, 'Monaco', 'MH'),
(201, 'Myanmar', 'LC'),
(202, 'Greenland', 'MW'),
(203, 'Niger', 'SH'),
(204, 'Malvinas', 'GE'),
(205, 'Mayotte', 'PG'),
(206, 'Mongolia', 'MZ');

-- --------------------------------------------------------

--
-- Table structure for table `customers`
--

CREATE TABLE `customers` (
  `CustomerID` int(5) DEFAULT NULL,
  `FirstName` varchar(9) DEFAULT NULL,
  `MiddleInitial` varchar(1) DEFAULT NULL,
  `LastName` varchar(10) DEFAULT NULL,
  `CityID` int(2) DEFAULT NULL,
  `Address` varchar(35) DEFAULT NULL
) ENGINE=InnoDB DEFAULT CHARSET=utf8 COLLATE=utf8_general_ci;

--
-- Dumping data for table `customers`
--

INSERT INTO `customers` (`CustomerID`, `FirstName`, `MiddleInitial`, `LastName`, `CityID`, `Address`) VALUES
(0, 'FirstName', 'M', 'LastName', 0, 'Address'),
(1, 'Stefanie', 'Y', 'Frye', 79, '97 Oak Avenue'),
(2, 'Sandy', 'T', 'Kirby', 96, '52 White First Freeway'),
(3, 'Lee', 'T', 'Zhang', 55, '921 White Fabien Avenue'),
(4, 'Regina', 'S', 'Avery', 40, '75 Old Avenue'),
(5, 'Daniel', 'S', 'Mccann', 2, '283 South Green Hague Avenue'),
(6, 'Dennis', 'H', 'Zuniga', 6, '20 West Old Road'),
(7, 'Myra', 'K', 'Jefferson', 68, '26 Green First Parkway'),
(8, 'Teddy', 'L', 'Parsons', 44, '38 West Nobel St.'),
(9, 'Annie', 'F', 'Stein', 46, '17 White Nobel Way'),
(10, 'Herman', 'Y', 'Pope', 72, '695 Old Street'),
(11, 'Jenifer', 'R', 'Winters', 23, '30 White Oak Way'),
(12, 'Stefanie', 'H', 'Gordon', 57, '29 Clarendon Street'),
(13, 'Chastity', 'N', 'Gillespie', 37, '801 East White Oak Boulevard'),
(14, 'Evelyn', 'R', 'Sweeney', 53, '73 Clarendon Road'),
(15, 'Jeannie', 'Z', 'Gardner', 76, '13 Green Cowley Parkway'),
(16, 'Rickey', 'H', 'Ho', 51, '51 First Boulevard'),
(17, 'Bobbie', 'B', 'Simon', 53, '73 Rocky Fabien St.'),
(18, 'Lesley', 'F', 'Orr', 46, '16 Second Avenue'),
(19, 'Shawna', 'Y', 'Herring', 76, '37 New Boulevard'),
(20, 'Theresa', 'E', 'Berg', 83, '41 Hague Road'),
(21, 'Tasha', 'D', 'Heath', 34, '332 Green Milton Blvd.'),
(22, 'Karla', 'H', 'Sutton', 80, '384 South Green Clarendon Drive'),
(23, 'Otis', 'R', 'Miller', 65, '121 South Old Street'),
(24, 'Alisa', 'N', 'Ruiz', 42, '573 West Old Drive'),
(25, 'Peggy', 'R', 'Sandoval', 9, '97 Second Way'),
(26, 'Lisa', 'Y', 'Dennis', 10, '434 North Milton Parkway'),
(27, 'Vicky', 'N', 'Russell', 36, '878 Nobel St.'),
(28, 'Nicolas', 'W', 'Reese', 16, '847 Green Cowley Drive'),
(29, 'Miranda', 'I', 'Armstrong', 63, '605 White Oak Way'),
(30, 'Kara', 'D', 'Beltran', 30, '61 Nobel Drive'),
(31, 'Rosemary', 'W', 'Manning', 64, '651 New Parkway'),
(32, 'Ernest', 'C', 'Wright', 49, '389 Clarendon Street'),
(33, 'Lindsay', 'I', 'Santana', 87, '47 Green Nobel Avenue'),
(34, 'Lorenzo', 'G', 'Tucker', 9, '954 White New St.'),
(35, 'Tammie', NULL, 'Gaines', 4, '47 White Clarendon Boulevard'),
(36, 'Kareem', 'D', 'Gonzalez', 90, '10 White New Way'),
(37, 'Cesar', 'F', 'Smith', 34, '358 Rocky Nobel Avenue'),
(38, 'Charlene', 'I', 'Hartman', 11, '27 West Rocky Clarendon Street'),
(39, 'Sonja', 'F', 'Griffith', 3, '354 Green Fabien Street'),
(40, 'Gwendolyn', 'B', 'Love', 22, '345 Fabien Parkway'),
(41, 'Stephan', 'Q', 'Alexander', 56, '85 South Nobel Avenue'),
(42, 'Maggie', 'E', 'Cross', 80, '240 New Way'),
(43, 'Earnest', 'M', 'Greer', 40, '41 White Fabien Drive'),
(44, 'Zachary', 'V', 'Odom', 70, '394 West Rocky First Drive'),
(45, 'Erin', 'K', 'Ward', 2, '372 Second Road'),
(46, 'Rodolfo', 'E', 'Gray', 31, '311 Rocky Nobel Parkway'),
(47, 'Carla', 'P', 'Acosta', 68, '241 New Boulevard'),
(48, 'Norma', NULL, 'Gallegos', 50, '400 North Milton Blvd.'),
(49, 'Jean', 'T', 'Lozano', 52, '77 New Blvd.'),
(50, 'Tara', 'P', 'Hernandez', 72, '49 Nobel Blvd.'),
(51, 'Kirsten', 'D', 'Hamilton', 84, '79 White Clarendon Blvd.'),
(52, 'Lisa', 'O', 'Todd', 51, '430 South Old St.'),
(53, 'Marie', 'O', 'Gamble', 51, '43 South White First St.'),
(54, 'Devin', 'F', 'Santana', 30, '47 Nobel Street'),
(55, 'Shaun', 'X', 'Singh', 96, '637 White Second Street'),
(56, 'Jose', 'N', 'Summers', 95, '510 First St.'),
(57, 'Tasha', 'F', 'Larsen', 32, '491 Rocky Cowley Avenue'),
(58, 'Meredith', 'Q', 'Meza', 13, '85 White Cowley Boulevard'),
(59, 'Heather', 'B', 'Gallegos', 31, '286 North Second Road'),
(60, 'Sherri', 'G', 'Cardenas', 88, '689 Green Fabien Street'),
(61, 'Theodore', 'A', 'Santana', 66, '786 Rocky Milton Parkway'),
(62, 'Elton', 'T', 'Spencer', 52, '27 Clarendon Boulevard'),
(63, 'Phillip', 'T', 'Harvey', 77, '989 West Green New Parkway'),
(64, 'Raymond', 'N', 'Hurley', 17, '494 Rocky First Blvd.'),
(65, 'Alejandro', 'D', 'Price', 9, '377 Milton Avenue'),
(66, 'Kristina', 'C', 'Barron', 71, '79 White Fabien Road'),
(67, 'Chandra', 'C', 'Hammond', 66, '692 East Rocky Nobel Blvd.'),
(68, 'Allen', 'O', 'Hensley', 29, '100 Green Milton Freeway'),
(69, 'Myron', 'Y', 'Best', 50, '27 White First Blvd.'),
(70, 'Lewis', 'G', 'Robertson', 82, '12 White Hague Road'),
(71, 'Laura', 'N', 'Ho', 18, '324 Oak Way'),
(72, 'Wallace', 'U', 'Dickson', 42, '457 First Freeway'),
(73, 'Johnathan', 'Z', 'Park', 43, '33 New Road'),
(74, 'Dianna', 'W', 'Mc Cormick', 54, '620 Green Hague Road'),
(75, 'Jamal', 'D', 'Montoya', 28, '87 Green Clarendon St.'),
(76, 'Sharon', 'I', 'Morrison', 51, '231 South Rocky Hague Road'),
(77, 'Clifton', 'A', 'Bradshaw', 41, '21 First Avenue'),
(78, 'Sean', 'Q', 'Stewart', 91, '99 Hague Boulevard'),
(79, 'Trent', 'L', 'Murphy', 40, '632 North Rocky Nobel Drive'),
(80, 'Victor', 'H', 'Lane', 75, '14 North White First Blvd.'),
(81, 'Becky', 'J', 'Davis', 39, '443 Old Avenue'),
(82, 'Chastity', 'C', 'Summers', 82, '56 Cowley Street'),
(83, 'Charlene', 'F', 'Dyer', 61, '393 Green Fabien Way'),
(84, 'Lana', 'X', 'Spencer', 87, '384 East White Clarendon Parkway'),
(85, 'Summer', 'T', 'Hurley', 42, '386 North Second Avenue'),
(86, 'Zachary', 'T', 'Mc Knight', 14, '97 Nobel Blvd.'),
(87, 'Corey', 'O', 'Stewart', 95, '31 West Milton Blvd.'),
(88, 'Olivia', 'Q', 'Cooke', 58, '784 Oak Road'),
(89, 'Miriam', 'F', 'Sloan', 9, '71 East Cowley Drive'),
(90, 'Rosa', 'U', 'Elliott', 6, '90 Second Way'),
(91, 'Marci', 'B', 'Hampton', 59, '152 White Oak St.'),
(92, 'Morgan', 'M', 'Fox', 21, '96 Green Fabien Avenue'),
(93, 'Gerard', 'D', 'Cantrell', 76, '67 North Rocky Milton Boulevard'),
(94, 'Paul', 'C', 'Dodson', 12, '743 Green New Parkway'),
(95, 'Kara', 'E', 'Rich', 53, '427 Milton Freeway'),
(96, 'Shane', 'H', 'Bray', 5, '515 West Green First Avenue'),
(97, 'Stanley', 'W', 'Castillo', 3, '55 Clarendon Freeway'),
(98, 'Brendan', 'R', 'Herman', 23, '107 Clarendon Drive'),
(99, 'Tania', 'I', 'Chung', 62, '243 Second St.'),
(100, 'Victor', 'T', 'Doyle', 28, '664 White Second Freeway'),
(101, 'Abraham', 'I', 'Kane', 61, '698 Oak Drive'),
(102, 'Julius', 'P', 'Mccall', 39, '766 Milton Boulevard'),
(103, 'Jana', 'Q', 'Huang', 1, '841 Hague Road'),
(104, 'Jackie', 'M', 'Randall', 67, '13 Hague Drive'),
(105, 'Susana', 'B', 'Lynch', 55, '85 East Green New Boulevard'),
(106, 'Allen', 'I', 'Grant', 43, '866 Second Drive'),
(107, 'Marisa', 'P', 'Bennett', 8, '66 West First St.'),
(108, 'Duane', 'S', 'Shaffer', 94, '48 New Parkway'),
(109, 'Elisa', 'C', 'Payne', 2, '54 Clarendon Way'),
(110, 'Lakisha', 'O', 'Mills', 46, '18 North Green Clarendon Avenue'),
(111, 'Nakia', 'N', 'Schaefer', 55, '915 East Rocky Clarendon Avenue'),
(112, 'Ginger', 'O', 'Hess', 37, '26 South Hague Drive'),
(113, 'Lloyd', 'E', 'House', 70, '320 West Green Clarendon Drive'),
(114, 'Clint', 'U', 'Graves', 53, '37 Old Freeway'),
(115, 'Trina', NULL, 'Ochoa', 50, '25 Rocky Cowley Freeway'),
(116, 'Tonia', 'X', 'Rose', 80, '248 South White Hague Drive'),
(117, 'Neal', 'Y', 'Burnett', 87, '71 New Drive'),
(118, 'Bethany', 'O', 'Rivera', 86, '943 New Avenue'),
(119, 'Casey', 'W', 'Smith', 72, '615 Green Second Drive'),
(120, 'Lindsay', 'T', 'Jordan', 91, '91 North First St.'),
(121, 'Rebekah', 'J', 'Hancock', 73, '944 East Old St.'),
(122, 'Mathew', 'N', 'Hammond', 8, '396 Nobel Street'),
(123, 'Mitchell', 'L', 'Nixon', 20, '748 Clarendon Drive'),
(124, 'Jesus', 'J', 'Humphrey', 44, '729 West Clarendon Blvd.'),
(125, 'Everett', 'E', 'Yoder', 23, '519 New Drive'),
(126, 'Pete', 'F', 'Mathews', 94, '796 South Milton Way'),
(127, 'Stacy', 'B', 'Lutz', 63, '89 Clarendon Parkway'),
(128, 'Howard', 'R', 'Trujillo', 32, '26 Hague Blvd.'),
(129, 'Ted', 'W', 'Hahn', 1, '123 West White Oak Street'),
(130, 'Ray', 'R', 'Wyatt', 24, '33 White New Road'),
(131, 'Sheryl', 'W', 'Perry', 48, '143 Green Hague Street'),
(132, 'John', 'L', 'Gonzalez', 18, '13 Green Hague Street'),
(133, 'Karl', 'I', 'Dunn', 29, '797 Second Boulevard'),
(134, 'Tabitha', 'H', 'Khan', 13, '37 First Blvd.'),
(135, 'Vicki', 'S', 'Larsen', 14, '34 Oak Road'),
(136, 'Phillip', 'Y', 'Montgomery', 96, '59 Green Hague Way'),
(137, 'Jeannette', 'T', 'Tapia', 82, '468 East Clarendon Boulevard'),
(138, 'Guillermo', 'L', 'Butler', 90, '486 Green First Parkway'),
(139, 'Chasity', 'T', 'Odom', 33, '35 North Green Oak Drive'),
(140, 'Cheri', 'V', 'Villarreal', 96, '46 Cowley Blvd.'),
(141, 'Tonia', 'K', 'Booker', 7, '288 Green Cowley Boulevard'),
(142, 'Ray', 'E', 'Clayton', 1, '694 East Green Hague Blvd.'),
(143, 'Gregory', 'W', 'Pugh', 57, '74 Oak Road'),
(144, 'Dianna', 'O', 'Kirby', 60, '208 White Hague St.'),
(145, 'Cody', 'Q', 'Blake', 47, '236 New Street'),
(146, 'Melanie', 'H', 'Whitney', 23, '498 Cowley Street'),
(147, 'Tamiko', 'M', 'Doyle', 48, '71 West Cowley Street'),
(148, 'Darrick', 'H', 'Kirby', 24, '480 Oak Drive'),
(149, 'Monica', 'I', 'Fleming', 58, '63 East Green Clarendon Avenue'),
(150, 'Ashley', 'F', 'Pope', 70, '64 First Street'),
(151, 'Brady', 'G', 'Reese', 14, '474 Green Clarendon Freeway'),
(152, 'Miguel', 'T', 'Watson', 13, '13 South Green New Street'),
(153, 'Danny', 'A', 'Herman', 48, '501 West First Way'),
(154, 'Omar', 'Y', 'Weeks', 68, '75 Hague St.'),
(155, 'Latoya', 'Y', 'Mc Lean', 52, '60 West Rocky New Freeway'),
(156, 'Joan', 'G', 'Castro', 53, '490 North White Hague Road'),
(157, 'Demond', 'X', 'Brandt', 20, '85 Old Way'),
(158, 'Demetrius', 'G', 'Ramirez', 53, '438 Milton Avenue'),
(159, 'Abigail', 'M', 'Mullen', 45, '628 Cowley Blvd.'),
(160, 'Nathan', 'G', 'Glenn', 57, '44 Rocky Milton Street'),
(161, 'Sandra', 'A', 'Elliott', 76, '82 South Milton Boulevard'),
(162, 'Erika', 'R', 'Randall', 72, '125 White Old Parkway'),
(163, 'Armando', 'S', 'Wu', 93, '186 Cowley Road'),
(164, 'Darius', 'A', 'Bridges', 75, '586 West Green Fabien St.'),
(165, 'Preston', 'G', 'Kelly', 95, '745 First St.'),
(166, 'Erik', 'D', 'Rangel', 37, '471 White Milton Avenue'),
(167, 'Antonio', 'F', 'Benson', 8, '189 South Second Avenue'),
(168, 'Kristina', 'G', 'Kim', 57, '284 Rocky Clarendon Way'),
(169, 'Casey', NULL, 'Glass', 39, '11 South Green Oak Boulevard'),
(170, 'Armando', 'M', 'Lucas', 50, '332 Second Blvd.'),
(171, 'Marla', 'V', 'Watts', 95, '38 White Clarendon Street'),
(172, 'Billie', 'D', 'Fischer', 93, '908 First Way'),
(173, 'Jonathon', 'N', 'Reynolds', 54, '801 East Rocky Oak Drive'),
(174, 'Diane', 'U', 'Quinn', 73, '37 North Fabien Road'),
(175, 'Emily', 'A', 'Duncan', 84, '68 Green First Road'),
(176, 'Jonathon', 'I', 'Brooks', 72, '749 West Fabien St.'),
(177, 'Laura', 'F', 'Grimes', 48, '91 White Hague Drive'),
(178, 'Roxanne', 'R', 'Wade', 56, '42 White Clarendon Drive'),
(179, 'Gene', 'W', 'Morrison', 94, '35 First Way'),
(180, 'Arnold', 'T', 'House', 1, '585 Rocky Cowley Boulevard'),
(181, 'Zachary', 'X', 'Matthews', 47, '216 North Old St.'),
(182, 'Jacob', 'S', 'Webster', 40, '388 Oak Street'),
(183, 'Jason', 'T', 'Dunn', 70, '481 Rocky Hague Street'),
(184, 'Brian', 'I', 'Neal', 28, '622 Old Boulevard'),
(185, 'Helen', 'R', 'Cunningham', 10, '154 Cowley Blvd.'),
(186, 'Ralph', 'L', 'Lopez', 35, '530 Cowley Way'),
(187, 'Holly', 'C', 'Wong', 67, '625 Nobel Boulevard'),
(188, 'Stanley', 'K', 'Sherman', 58, '92 Rocky Cowley Drive'),
(189, 'Leon', 'K', 'Costa', 58, '698 Rocky Old Freeway'),
(190, 'Staci', 'J', 'Barber', 57, '726 Green Fabien Drive'),
(191, 'Kimberly', 'L', 'Baldwin', 77, '167 South Oak Parkway'),
(192, 'Candice', 'B', 'Mayer', 29, '645 West Old Parkway'),
(193, 'Mike', 'N', 'Munoz', 46, '96 East Green New Drive'),
(194, 'David', 'Y', 'Watts', 72, '67 Rocky Hague Boulevard'),
(195, 'Allan', 'N', 'Molina', 20, '78 Fabien Boulevard'),
(196, 'Andrea', 'V', 'Barker', 32, '856 White Second Street'),
(197, 'Albert', 'T', 'Rosario', 5, '353 New St.'),
(198, 'Todd', 'M', 'Franklin', 79, '169 Clarendon Way'),
(199, 'Miranda', 'V', 'Morton', 61, '93 Rocky New Freeway'),
(200, 'Rene', 'I', 'Mercado', 11, '76 East Green Clarendon Avenue'),
(201, 'Desiree', 'M', 'Farrell', 15, '454 Oak Blvd.');

-- --------------------------------------------------------

--
-- Table structure for table `employees`
--

CREATE TABLE `employees` (
  `EmployeeID` int(2) DEFAULT NULL,
  `FirstName` varchar(9) DEFAULT NULL,
  `MiddleInitial` varchar(1) DEFAULT NULL,
  `LastName` varchar(9) DEFAULT NULL,
  `BirthDate` varchar(23) DEFAULT NULL,
  `Gender` varchar(1) DEFAULT NULL,
  `CityID` int(2) DEFAULT NULL,
  `HireDate` varchar(23) DEFAULT NULL
) ENGINE=InnoDB DEFAULT CHARSET=utf8 COLLATE=utf8_general_ci;

--
-- Dumping data for table `employees`
--

INSERT INTO `employees` (`EmployeeID`, `FirstName`, `MiddleInitial`, `LastName`, `BirthDate`, `Gender`, `CityID`, `HireDate`) VALUES
(1, 'Nicole', 'T', 'Fuller', '1981-03-07 00:00:00.000', 'F', 80, '2011-06-20 07:15:36.920'),
(2, 'Christine', 'W', 'Palmer', '1968-01-25 00:00:00.000', 'F', 4, '2011-04-27 04:07:56.930'),
(3, 'Pablo', 'Y', 'Cline', '1963-02-09 00:00:00.000', 'M', 70, '2012-03-30 18:55:23.270'),
(4, 'Darnell', 'O', 'Nielsen', '1989-02-06 00:00:00.000', 'M', 39, '2014-03-06 06:55:02.780'),
(5, 'Desiree', 'L', 'Stuart', '1963-05-03 00:00:00.000', 'F', 23, '2014-11-16 22:59:54.720'),
(6, 'Holly', 'E', 'Collins', '1987-01-13 00:00:00.000', 'M', 65, '2013-06-22 13:20:18.080'),
(7, 'Chadwick', 'P', 'Cook', '1970-05-02 00:00:00.000', 'M', 39, '2016-07-10 06:22:00.670'),
(8, 'Julie', 'E', 'Dyer', '1956-12-13 00:00:00.000', 'M', 18, '2014-10-14 23:12:53.420'),
(9, 'Daphne', 'X', 'King', '1956-05-02 00:00:00.000', 'F', 39, '2013-04-17 14:48:02.700'),
(10, 'Jean', 'P', 'Vang', '1963-12-30 00:00:00.000', 'M', 9, '2012-07-23 15:02:12.640'),
(11, 'Sonya', 'E', 'Dickson', '1976-01-14 00:00:00.000', 'F', 12, '2016-08-10 15:59:30.360'),
(12, 'Lindsay', 'M', 'Chen', '1951-09-03 00:00:00.000', 'F', 58, '2011-11-03 00:44:25.390'),
(13, 'Katina', 'Y', 'Marks', '1963-04-18 00:00:00.000', 'M', 68, '2011-12-12 10:43:52.940'),
(14, 'Wendi', 'G', 'Buckley', '1961-09-05 00:00:00.000', 'M', 32, '2016-07-11 00:57:58.340'),
(15, 'Kari', 'D', 'Finley', '1972-02-17 00:00:00.000', 'M', 92, '2014-07-13 06:50:11.790'),
(16, 'Chadwick', 'U', 'Walton', '1951-07-07 00:00:00.000', 'M', 28, '2017-02-10 11:21:26.650'),
(17, 'Seth', 'D', 'Franco', '1989-08-29 00:00:00.000', 'M', 80, '2010-07-11 09:23:03.490'),
(18, 'Warren', 'C', 'Bartlett', '1964-03-09 00:00:00.000', 'M', 58, '2010-02-22 21:55:48.620'),
(19, 'Bernard', 'L', 'Moody', '1970-03-22 00:00:00.000', 'M', 54, '2013-11-12 19:25:04.390'),
(20, 'Shelby', 'P', 'Riddle', '1964-06-13 00:00:00.000', 'M', 14, '2013-03-24 08:36:50.020'),
(21, 'Devon', 'D', 'Brewer', '1966-04-25 00:00:00.000', 'M', 65, '2016-01-24 02:13:24.340'),
(22, 'Tonia', 'O', 'Mc Millan', '1952-03-02 00:00:00.000', 'F', 53, '2015-11-25 18:18:23.480'),
(23, 'Janet', 'K', 'Flowers', '1979-03-01 00:00:00.000', 'F', 7, '2010-05-12 02:52:30.370');

-- --------------------------------------------------------

--
-- Table structure for table `products`
--

CREATE TABLE `products` (
  `ProductID` int(3) DEFAULT NULL,
  `ProductName` varchar(33) DEFAULT NULL,
  `Price` decimal(6,4) DEFAULT NULL,
  `CategoryID` int(2) DEFAULT NULL,
  `Class` varchar(6) DEFAULT NULL,
  `ModifyDate` varchar(23) DEFAULT NULL,
  `Resistant` varchar(7) DEFAULT NULL,
  `IsAllergic` varchar(7) DEFAULT NULL,
  `VitalityDays` decimal(4,1) DEFAULT NULL
) ENGINE=InnoDB DEFAULT CHARSET=utf8 COLLATE=utf8_general_ci;

--
-- Dumping data for table `products`
--

INSERT INTO `products` (`ProductID`, `ProductName`, `Price`, `CategoryID`, `Class`, `ModifyDate`, `Resistant`, `IsAllergic`, `VitalityDays`) VALUES
(1, 'Flour - Whole Wheat', 74.2988, 3, 'Medium', '2018-02-16 08:21:49.190', 'Durable', 'Unknown', 0.0),
(2, 'Cookie Chocolate Chip With', 91.2329, 3, 'Medium', '2017-02-12 11:39:10.970', 'Unknown', 'Unknown', 0.0),
(3, 'Onions - Cippolini', 9.1379, 9, 'Medium', '2018-03-15 08:11:51.560', 'Weak', 'False', 111.0),
(4, 'Sauce - Gravy, Au Jus, Mix', 54.3055, 9, 'Medium', '2017-07-16 00:46:28.880', 'Durable', 'Unknown', 0.0),
(5, 'Artichokes - Jerusalem', 65.4771, 2, 'Low', '2017-08-16 14:13:35.430', 'Durable', 'True', 27.0),
(6, 'Wine - Magnotta - Cab Sauv', 79.7184, 8, 'High', '2017-05-25 15:08:39.690', 'Unknown', 'Unknown', 0.0),
(7, 'Table Cloth - 53x69 Colour', 31.8370, 9, 'Medium', '2017-02-24 15:14:30.050', 'Durable', 'False', 0.0),
(8, 'Halibut - Steaks', 89.8573, 5, 'Medium', '2018-03-24 05:21:21.890', 'Unknown', 'True', 108.0),
(9, 'Rabbit - Whole', 84.4219, 11, 'Medium', '2017-06-17 12:12:04.670', 'Durable', 'Unknown', 0.0),
(10, 'Scampi Tail', 95.0957, 4, 'Low', '2017-07-30 10:11:45.990', 'Weak', 'True', 105.0),
(11, 'Garbage Bags - Clear', 6.2949, 9, 'Low', '2017-01-05 21:02:21.330', 'Durable', 'True', 67.0),
(12, 'Ezy Change Mophandle', 49.3356, 4, 'Medium', '2017-11-01 09:49:59.030', 'Durable', 'True', 0.0),
(13, 'Water, Tap', 28.2232, 11, 'Low', '2017-01-16 19:49:10.930', 'Durable', 'False', 69.0),
(14, 'Beef - Top Sirloin', 3.3324, 7, 'Medium', '2017-02-26 11:40:47.850', 'Durable', 'True', 0.0),
(15, 'Spoon - Soup, Plastic', 32.4420, 1, 'Low', '2017-03-03 09:47:09.310', 'Weak', 'True', 0.0),
(16, 'Kellogs Special K Cereal', 54.7246, 2, 'Low', '2017-01-23 09:25:47.110', 'Durable', 'True', 0.0),
(17, 'Wine - White, Mosel Gold', 43.9182, 10, 'Medium', '2017-03-01 14:03:04.920', 'Unknown', 'Unknown', 0.0),
(18, 'Lamb - Whole, Fresh', 23.3966, 10, 'Medium', '2017-12-19 16:45:04.730', 'Unknown', 'False', 0.0),
(19, 'Tea - Earl Grey', 22.5614, 3, 'Medium', '2017-06-14 22:39:53.340', 'Weak', 'True', 94.0),
(20, 'Chocolate - Feathers', 85.9011, 3, 'Low', '2017-07-21 11:13:57.550', 'Durable', 'True', 0.0),
(21, 'Kiwi', 46.7252, 7, 'High', '2018-05-09 08:59:46.150', 'Durable', 'Unknown', 0.0),
(22, 'Rice - Jasmine Sented', 27.8955, 6, 'Medium', '2017-05-09 14:08:23.630', 'Weak', 'Unknown', 48.0),
(23, 'Crab - Imitation Flakes', 79.0184, 11, 'Medium', '2017-08-19 07:18:29.890', 'Durable', 'True', 0.0),
(24, 'Beer - Alexander Kieths, Pale Ale', 89.0370, 3, 'Medium', '2017-05-23 03:36:02.420', 'Durable', 'True', 65.0),
(25, 'Soupcontfoam16oz 116con', 80.7666, 10, 'High', '2017-04-09 15:30:41.250', 'Durable', 'True', 0.0),
(26, 'Squid U5 - Thailand', 33.7821, 11, 'Medium', '2018-03-26 19:31:26.970', 'Weak', 'False', 10.0),
(27, 'Chocolate - Compound Coating', 17.1724, 1, 'Medium', '2017-10-29 17:27:27.280', 'Unknown', 'Unknown', 86.0),
(28, 'Sobe - Tropical Energy', 12.3153, 9, 'High', '2017-10-25 04:23:48.230', 'Durable', 'True', 0.0),
(29, 'Spinach - Baby', 33.5883, 7, 'Low', '2017-08-06 17:21:24.000', 'Durable', 'True', 50.0),
(30, 'Cheese - Brie, Triple Creme', 67.8990, 6, 'Low', '2018-03-21 19:28:46.740', 'Weak', 'Unknown', 72.0),
(31, 'Yeast Dry - Fermipan', 73.9851, 2, 'Medium', '2017-04-17 23:33:06.110', 'Durable', 'False', 0.0),
(32, 'Lettuce - Treviso', 96.4127, 3, 'High', '2017-01-09 18:29:05.790', 'Durable', 'True', 0.0),
(33, 'Beans - Wax', 45.5551, 10, 'Medium', '2017-02-01 15:20:22.860', 'Weak', 'True', 0.0),
(34, 'Mustard Prepared', 43.3463, 6, 'Medium', '2017-09-21 16:05:20.820', 'Weak', 'Unknown', 7.0),
(35, 'Water - Mineral, Natural', 15.7233, 6, 'Low', '2017-10-01 15:36:07.080', 'Durable', 'True', 97.0),
(36, 'Table Cloth 54x72 White', 69.2574, 9, 'Low', '2018-03-04 18:24:57.500', 'Durable', 'True', 0.0),
(37, 'Nut - Pistachio, Shelled', 80.3171, 7, 'Low', '2017-02-27 14:01:39.130', 'Unknown', 'False', 0.0),
(38, 'Sage - Ground', 81.6579, 6, 'High', '2017-09-26 00:45:35.600', 'Weak', 'False', 0.0),
(39, 'Dried Figs', 75.2059, 11, 'Medium', '2017-08-04 21:51:44.260', 'Weak', 'False', 120.0),
(40, 'Cocktail Napkin Blue', 8.9372, 8, 'Low', '2017-06-28 03:05:34.400', 'Unknown', 'Unknown', 0.0),
(41, 'Cup - 6oz, Foam', 81.7210, 7, 'Medium', '2018-03-15 16:02:55.860', 'Unknown', 'True', 0.0),
(42, 'Bread - Raisin Walnut Oval', 81.0488, 1, 'High', '2018-04-01 08:39:17.290', 'Weak', 'False', 0.0),
(43, 'Sponge Cake Mix - Chocolate', 16.3983, 9, 'High', '2017-08-12 13:40:16.800', 'Weak', 'True', 96.0),
(44, 'Wine - White, Colubia Cresh', 48.5981, 7, 'High', '2018-04-09 16:28:48.450', 'Durable', 'True', 0.0),
(45, 'Beef - Ground Medium', 79.5324, 4, 'Medium', '2018-03-23 17:00:00.370', 'Weak', 'True', 0.0),
(46, 'Lambcasing', 86.7915, 9, 'High', '2017-07-12 21:27:57.760', 'Durable', 'False', 0.0),
(47, 'Thyme - Lemon, Fresh', 47.1339, 9, 'High', '2018-02-16 02:50:46.780', 'Weak', 'False', 0.0),
(48, 'Pecan Raisin - Tarts', 60.3625, 7, 'Low', '2017-11-26 03:31:03.240', 'Unknown', 'Unknown', 114.0),
(49, 'Bacardi Breezer - Tropical', 61.4317, 8, 'High', '2017-01-03 12:21:41.850', 'Durable', 'False', 0.0),
(50, 'Pork - Kidney', 43.2864, 7, 'High', '2018-04-21 00:02:16.210', 'Weak', 'True', 0.0),
(51, 'Wine - Crozes Hermitage E.', 81.0134, 11, 'Medium', '2017-05-16 18:38:05.230', 'Unknown', 'Unknown', 0.0),
(52, 'Turnip - White, Organic', 55.6059, 1, 'Low', '2017-06-27 06:39:03.810', 'Durable', 'False', 0.0),
(53, 'Cassis', 92.6279, 8, 'Medium', '2018-02-16 15:42:44.950', 'Weak', 'True', 0.0),
(54, 'Liners - Banana, Paper', 53.5592, 9, 'Medium', '2017-06-23 03:31:04.500', 'Weak', 'True', 0.0),
(55, 'Cinnamon Buns Sticky', 6.6182, 3, 'High', '2018-03-05 08:20:42.050', 'Unknown', 'False', 85.0),
(56, 'Chips Potato Salt Vinegar 43g', 46.4033, 9, 'Low', '2017-10-10 18:13:25.560', 'Weak', 'False', 0.0),
(57, 'Sausage - Breakfast', 12.2145, 3, 'Low', '2017-11-03 04:20:41.080', 'Unknown', 'True', 103.0),
(58, 'Dc Hikiage Hira Huba', 20.1009, 7, 'Low', '2017-10-24 04:35:49.140', 'Durable', 'Unknown', 91.0),
(59, 'Pastry - Butterscotch Baked', 73.5389, 10, 'High', '2017-04-08 09:15:47.620', 'Unknown', 'False', 0.0),
(60, 'Pepper - Paprika, Hungarian', 31.6949, 2, 'Medium', '2017-09-29 18:42:08.470', 'Weak', 'Unknown', 0.0),
(61, 'Sardines', 62.5460, 8, 'Low', '2017-12-03 21:41:12.420', 'Durable', 'False', 90.0),
(62, 'Pears - Bosc', 19.5217, 1, 'Medium', '2017-09-09 10:50:41.830', 'Unknown', 'Unknown', 13.0),
(63, 'Cake - Mini Cheesecake', 56.2689, 9, 'Low', '2017-08-18 11:59:57.890', 'Weak', 'Unknown', 0.0),
(64, 'Vinegar - Sherry', 16.5229, 6, 'Low', '2017-08-05 16:43:17.930', 'Unknown', 'True', 94.0),
(65, 'Brandy - Bar', 21.1106, 3, 'High', '2017-04-14 10:38:39.870', 'Weak', 'False', 0.0),
(66, 'Pie Filling - Cherry', 9.8823, 7, 'Medium', '2018-05-06 02:33:15.540', 'Weak', 'False', 0.0),
(67, 'Wine - Sogrape Mateus Rose', 3.7805, 5, 'Low', '2017-09-30 18:29:36.160', 'Unknown', 'True', 108.0),
(68, 'Beets - Candy Cane, Organic', 84.8769, 6, 'High', '2017-09-04 03:43:50.120', 'Durable', 'False', 72.0),
(69, 'Raspberries - Fresh', 87.6092, 1, 'Low', '2017-10-04 20:04:40.780', 'Unknown', 'True', 0.0),
(70, 'Squid - Tubes / Tenticles 10/20', 63.1846, 4, 'Low', '2017-05-08 15:22:11.810', 'Weak', 'True', 45.0),
(71, 'Cheese - Wine', 74.4076, 6, 'Low', '2018-04-04 19:24:07.990', 'Durable', 'Unknown', 0.0),
(72, 'Bar - Granola Trail Mix Fruit Nut', 62.2603, 4, 'High', '2017-10-13 13:17:29.330', 'Durable', 'False', 0.0),
(73, 'Appetizer - Sausage Rolls', 48.1907, 11, 'Low', '2017-05-17 18:53:20.470', 'Weak', 'True', 0.0),
(74, 'Carbonated Water - Cherry', 13.6241, 7, 'Medium', '2018-04-26 19:34:18.940', 'Durable', 'False', 26.0),
(75, 'Chef Hat 20cm', 4.1800, 8, 'High', '2017-09-14 19:11:01.690', 'Durable', 'Unknown', 116.0),
(76, 'Wine - Fume Blanc Fetzer', 65.6765, 6, 'Low', '2017-02-08 00:20:28.860', 'Durable', 'False', 95.0),
(77, 'Potatoes - Idaho 100 Count', 11.4971, 9, 'Medium', '2018-02-04 00:28:06.840', 'Durable', 'False', 0.0),
(78, 'Wine - Magnotta - Belpaese', 30.4202, 4, 'Medium', '2017-09-18 14:49:41.440', 'Weak', 'Unknown', 0.0),
(79, 'Pasta - Penne, Rigate, Dry', 9.5045, 11, 'High', '2017-07-09 10:36:02.050', 'Weak', 'False', 104.0),
(80, 'Wasabi Powder', 93.9752, 2, 'High', '2018-02-04 18:02:43.490', 'Weak', 'True', 0.0),
(81, 'Cookies - Assorted', 86.6483, 2, 'Medium', '2017-02-08 16:40:40.180', 'Unknown', 'Unknown', 0.0),
(82, 'Jolt Cola - Electric Blue', 56.8099, 5, 'Low', '2018-04-12 13:56:24.050', 'Unknown', 'Unknown', 63.0),
(83, 'Lamb - Ground', 50.8837, 1, 'High', '2017-10-22 16:02:06.370', 'Durable', 'Unknown', 116.0),
(84, 'Peas - Frozen', 90.3019, 1, 'Medium', '2017-08-25 17:19:07.790', 'Durable', 'False', 0.0),
(85, 'Cheese - Parmesan Cubes', 86.8857, 7, 'High', '2017-11-06 00:50:41.510', 'Durable', 'Unknown', 0.0),
(86, 'Longos - Grilled Chicken With', 18.3791, 2, 'Low', '2018-02-28 16:54:02.310', 'Weak', 'False', 0.0),
(87, 'Wine - Pinot Noir Latour', 3.7847, 7, 'Low', '2017-04-02 02:46:20.850', 'Unknown', 'False', 0.0),
(88, 'Remy Red', 91.9960, 2, 'Low', '2017-12-19 11:49:18.370', 'Durable', 'Unknown', 0.0),
(89, 'Beef - Ground, Extra Lean, Fresh', 36.7281, 3, 'Medium', '2017-11-26 07:44:38.770', 'Weak', 'True', 0.0),
(90, 'Flavouring - Orange', 69.3200, 9, 'High', '2018-04-30 21:22:41.530', 'Unknown', 'True', 37.0),
(91, 'General Purpose Trigger', 57.0429, 6, 'High', '2017-05-02 14:04:16.410', 'Durable', 'True', 97.0),
(92, 'Wine - Red, Colio Cabernet', 60.2161, 1, 'Low', '2017-09-13 09:25:50.000', 'Weak', 'Unknown', 0.0),
(93, 'Bandage - Fexible 1x3', 8.1190, 8, 'Low', '2017-06-20 15:29:47.970', 'Durable', 'False', 11.0),
(94, 'V8 - Berry Blend', 43.5109, 9, 'High', '2018-03-15 03:09:35.790', 'Weak', 'Unknown', 108.0),
(95, 'Beans - Kidney White', 46.3913, 1, 'High', '2017-12-02 05:24:21.990', 'Unknown', 'Unknown', 0.0),
(96, 'Cheese - Bocconcini', 62.1993, 7, 'High', '2017-07-07 05:12:14.030', 'Unknown', 'False', 0.0),
(97, 'Veal - Inside', 24.7798, 4, 'Medium', '2017-08-14 20:39:19.390', 'Weak', 'True', 0.0),
(98, 'Shrimp - 31/40', 99.8755, 3, 'High', '2017-01-07 20:56:58.860', 'Weak', 'False', 0.0),
(99, 'Mustard - Seed', 27.4874, 5, 'Low', '2017-12-27 05:50:08.570', 'Weak', 'True', 0.0),
(100, 'Pork - Loin, Bone - In', 69.6501, 9, 'Low', '2018-03-27 14:26:44.840', 'Durable', 'Unknown', 7.0),
(101, 'Soup - Campbells, Lentil', 83.0110, 4, 'Medium', '2018-02-19 02:58:21.610', 'Durable', 'Unknown', 99.0),
(102, 'Rosemary - Primerba, Paste', 62.2570, 4, 'High', '2017-06-14 23:06:56.660', 'Unknown', 'False', 0.0),
(103, 'Cream Of Tartar', 72.7534, 7, 'Low', '2017-02-22 07:26:22.460', 'Unknown', 'Unknown', 0.0),
(104, 'Tia Maria', 98.2471, 5, 'High', '2018-01-04 20:59:30.040', 'Unknown', 'False', 0.0),
(105, 'Ecolab - Mikroklene 4/4 L', 68.8789, 1, 'Medium', '2017-01-17 04:38:08.220', 'Durable', 'True', 0.0),
(106, 'Pickerel - Fillets', 18.7530, 7, 'High', '2017-12-11 05:20:35.910', 'Weak', 'False', 19.0),
(107, 'Bread - French Baquette', 7.4151, 1, 'High', '2017-02-10 11:45:43.340', 'Weak', 'False', 0.0),
(108, 'Pasta - Orecchiette', 79.0038, 1, 'High', '2018-03-01 20:08:26.010', 'Weak', 'True', 0.0),
(109, 'Muffin - Zero Transfat', 49.3791, 1, 'Medium', '2018-02-15 08:20:02.820', 'Durable', 'False', 0.0),
(110, 'Black Currants', 40.9417, 9, 'High', '2018-01-26 08:00:13.180', 'Durable', 'Unknown', 48.0),
(111, 'Scallops 60/80 Iqf', 34.9061, 11, 'Medium', '2018-01-13 17:45:18.720', 'Durable', 'Unknown', 0.0),
(112, 'Browning Caramel Glace', 81.7943, 10, 'High', '2017-02-15 13:30:59.640', 'Weak', 'Unknown', 0.0),
(113, 'Ocean Spray - Kiwi Strawberry', 10.5964, 7, 'Low', '2017-04-17 17:59:47.080', 'Unknown', 'False', 106.0),
(114, 'Veal - Osso Bucco', 79.5638, 8, 'High', '2017-07-11 15:13:04.140', 'Weak', 'True', 93.0),
(115, 'Ocean Spray - Ruby Red', 45.0466, 11, 'Low', '2017-08-22 02:01:28.280', 'Weak', 'False', 0.0),
(116, 'Steam Pan - Half Size Deep', 5.7360, 3, 'Low', '2017-12-31 07:44:48.370', 'Weak', 'True', 104.0),
(117, 'Ketchup - Tomato', 68.6380, 11, 'High', '2018-03-27 18:48:35.460', 'Weak', 'Unknown', 0.0),
(118, 'Garbag Bags - Black', 65.9670, 9, 'High', '2018-05-02 18:40:50.110', 'Weak', 'Unknown', 0.0),
(119, 'Soup Campbells - Italian Wedding', 29.6372, 11, 'Medium', '2018-02-06 15:52:36.430', 'Unknown', 'False', 0.0),
(120, 'Water - Spring Water 500ml', 2.7314, 2, 'Medium', '2017-06-23 17:44:37.560', 'Durable', 'Unknown', 94.0),
(121, 'Muffin Batt - Blueberry Passion', 6.0976, 11, 'Low', '2018-02-03 23:46:54.680', 'Durable', 'Unknown', 0.0),
(122, 'Table Cloth 62x114 White', 11.7845, 4, 'High', '2018-02-19 06:40:17.800', 'Weak', 'False', 0.0),
(123, 'Oil - Shortening - All - Purpose', 48.1487, 4, 'Low', '2018-02-15 19:59:11.350', 'Unknown', 'Unknown', 0.0),
(124, 'Macaroons - Two Bite Choc', 18.2891, 4, 'Low', '2017-10-13 22:41:59.260', 'Unknown', 'True', 81.0),
(125, 'Nut - Chestnuts, Whole', 6.1417, 9, 'Low', '2017-01-07 01:17:55.400', 'Weak', 'False', 0.0),
(126, 'Crackers - Trio', 14.1914, 6, 'Low', '2017-07-23 09:58:17.980', 'Unknown', 'Unknown', 76.0),
(127, 'Island Oasis - Mango Daiquiri', 54.1413, 8, 'Medium', '2017-04-25 21:47:41.350', 'Unknown', 'False', 34.0),
(128, 'Coffee - Irish Cream', 4.6797, 2, 'Medium', '2017-07-12 15:43:44.680', 'Durable', 'Unknown', 71.0),
(129, 'Chicken - Soup Base', 67.2329, 7, 'High', '2017-05-26 14:09:56.940', 'Durable', 'True', 0.0),
(130, 'Beef Wellington', 41.9808, 2, 'Low', '2017-03-11 13:58:47.650', 'Unknown', 'False', 0.0),
(131, 'Anchovy Paste - 56 G Tube', 40.8967, 3, 'Medium', '2017-11-03 03:41:09.480', 'Durable', 'False', 0.0),
(132, 'Beer - Blue', 11.6217, 6, 'High', '2018-01-28 03:31:07.970', 'Weak', 'False', 24.0),
(133, 'Beef - Top Sirloin - Aaa', 2.9327, 11, 'Low', '2018-01-30 08:59:32.870', 'Weak', 'Unknown', 0.0),
(134, 'Wine - Toasted Head', 39.8545, 2, 'High', '2017-08-21 20:09:17.220', 'Weak', 'True', 0.0),
(135, 'Wiberg Super Cure', 10.9641, 10, 'Low', '2018-04-25 15:04:21.890', 'Durable', 'False', 61.0),
(136, 'Vol Au Vents', 24.3913, 10, 'Medium', '2018-01-03 17:33:43.530', 'Weak', 'True', 0.0),
(137, 'Wine - White, Schroder And Schyl', 84.0566, 10, 'Low', '2018-02-19 06:30:01.590', 'Durable', 'False', 0.0),
(138, 'Rum - Coconut, Malibu', 52.6367, 7, 'Low', '2018-02-24 19:02:36.330', 'Durable', 'Unknown', 0.0),
(139, 'Chicken - Wieners', 21.4230, 1, 'High', '2017-08-09 12:40:59.570', 'Weak', 'False', 0.0),
(140, 'Oregano - Dry, Rubbed', 68.1326, 11, 'High', '2018-04-04 19:30:05.600', 'Durable', 'Unknown', 16.0),
(141, 'Tea - Herbal Sweet Dreams', 10.9640, 1, 'Low', '2018-01-19 05:08:18.970', 'Durable', 'True', 37.0),
(142, 'Pork - Bacon, Double Smoked', 24.7809, 6, 'Medium', '2017-06-10 06:37:54.840', 'Weak', 'True', 0.0),
(143, 'Watercress', 42.6169, 1, 'Medium', '2018-03-13 03:29:15.560', 'Unknown', 'True', 0.0),
(144, 'Placemat - Scallop, White', 95.7865, 5, 'Medium', '2018-03-09 23:44:25.600', 'Durable', 'False', 0.0),
(145, 'Wine - Chardonnay South', 34.4139, 9, 'Low', '2017-04-18 03:37:22.800', 'Durable', 'Unknown', 27.0),
(146, 'Bananas', 75.2486, 7, 'High', '2017-03-18 00:33:16.760', 'Durable', 'False', 0.0),
(147, 'Cheese - Mozzarella', 49.6197, 5, 'High', '2017-05-29 15:26:02.910', 'Unknown', 'False', 0.0),
(148, 'Beer - Sleemans Cream Ale', 28.5553, 11, 'Medium', '2018-04-19 00:16:43.830', 'Durable', 'True', 91.0),
(149, 'Zucchini - Yellow', 98.4644, 10, 'High', '2017-07-25 01:08:07.500', 'Weak', 'True', 0.0),
(150, 'Langers - Ruby Red Grapfruit', 40.6552, 9, 'High', '2018-04-10 21:39:33.620', 'Durable', 'False', 0.0),
(151, 'Mushrooms - Black, Dried', 93.5613, 7, 'High', '2017-08-19 10:23:38.570', 'Weak', 'True', 0.0),
(152, 'Lentils - Red, Dry', 58.8128, 7, 'Medium', '2017-08-22 01:58:29.290', 'Unknown', 'Unknown', 26.0),
(153, 'Arizona - Green Tea', 70.2382, 4, 'Low', '2017-04-10 05:04:22.440', 'Weak', 'False', 0.0),
(154, 'Ice Cream Bar - Drumstick', 24.7560, 4, 'Medium', '2017-07-06 12:05:31.010', 'Weak', 'True', 0.0),
(155, 'Peas - Pigeon, Dry', 63.5524, 9, 'High', '2017-02-21 14:39:50.150', 'Weak', 'False', 0.0),
(156, 'Sprouts - Alfalfa', 71.2264, 1, 'High', '2018-05-09 20:18:03.820', 'Durable', 'False', 0.0),
(157, 'Juice - Cranberry, 341 Ml', 14.1082, 11, 'Medium', '2017-09-06 03:07:45.320', 'Unknown', 'False', 19.0),
(158, 'Apricots Fresh', 54.4643, 4, 'High', '2017-09-18 08:44:23.210', 'Unknown', 'False', 18.0),
(159, 'Eggplant - Asian', 92.1053, 7, 'Medium', '2017-12-29 19:41:34.640', 'Durable', 'True', 0.0),
(160, 'Beef Ground Medium', 54.6874, 7, 'Medium', '2017-11-03 18:39:50.240', 'Weak', 'True', 0.0),
(161, 'Longos - Chicken Wings', 64.6118, 10, 'Low', '2017-08-18 07:32:54.550', 'Weak', 'Unknown', 0.0),
(162, 'Sauce - Demi Glace', 2.7353, 11, 'Medium', '2017-12-08 20:01:58.660', 'Weak', 'True', 117.0),
(163, 'Tomatoes Tear Drop', 11.7708, 6, 'Low', '2017-10-07 05:58:29.070', 'Unknown', 'True', 116.0),
(164, 'Loquat', 7.3982, 11, 'Medium', '2017-12-07 18:21:15.160', 'Unknown', 'False', 0.0),
(165, 'Bread Crumbs - Japanese Style', 0.0449, 6, 'Low', '2017-03-26 04:19:03.700', 'Unknown', 'False', 0.0),
(166, 'Tray - 16in Rnd Blk', 23.2843, 5, 'High', '2018-04-25 14:14:10.760', 'Durable', 'False', 0.0),
(167, 'Knife Plastic - White', 78.8615, 11, 'Medium', '2017-05-26 04:31:26.770', 'Durable', 'False', 0.0),
(168, 'Milk - 2%', 70.7419, 6, 'Medium', '2018-01-03 21:50:29.860', 'Unknown', 'True', 29.0),
(169, 'Water - Aquafina Vitamin', 68.5996, 10, 'Medium', '2017-07-26 00:08:42.260', 'Unknown', 'False', 0.0),
(170, 'Initation Crab Meat', 20.6553, 1, 'Medium', '2017-12-26 08:27:44.760', 'Durable', 'False', 0.0),
(171, 'Gloves - Goldtouch Disposable', 21.6794, 5, 'High', '2018-03-21 01:14:46.790', 'Durable', 'False', 0.0),
(172, 'Sherry - Dry', 16.0013, 5, 'High', '2017-01-31 23:45:59.130', 'Durable', 'Unknown', 72.0),
(173, 'Rosemary - Dry', 44.5440, 8, 'Low', '2017-09-24 05:59:50.530', 'Durable', 'False', 0.0),
(174, 'Guinea Fowl', 61.5047, 11, 'High', '2018-03-13 20:22:30.840', 'Durable', 'True', 0.0),
(175, 'Oil - Safflower', 91.7675, 1, 'Low', '2017-10-12 12:36:18.600', 'Weak', 'True', 52.0),
(176, 'Smirnoff Green Apple Twist', 81.3167, 6, 'High', '2017-08-27 17:08:59.840', 'Durable', 'True', 90.0),
(177, 'Coconut - Shredded, Sweet', 69.1677, 3, 'Medium', '2018-04-18 03:11:02.240', 'Weak', 'True', 0.0),
(178, 'Pernod', 52.3623, 10, 'High', '2018-04-17 20:14:45.760', 'Weak', 'True', 0.0),
(179, 'Yoghurt Tubes', 83.8752, 6, 'Low', '2017-06-28 19:04:36.450', 'Durable', 'Unknown', 26.0),
(180, 'Chocolate - Dark', 30.8932, 3, 'Low', '2018-03-01 00:44:38.640', 'Durable', 'True', 27.0),
(181, 'Phyllo Dough', 64.5718, 1, 'Medium', '2017-02-24 18:32:15.070', 'Unknown', 'False', 0.0),
(182, 'Campari', 25.5860, 9, 'Low', '2017-05-16 21:30:57.530', 'Weak', 'False', 54.0),
(183, 'Spice - Peppercorn Melange', 6.2154, 4, 'High', '2018-04-27 14:35:37.180', 'Weak', 'False', 0.0),
(184, 'Hersey Shakes', 26.5776, 9, 'Low', '2017-06-24 16:30:23.320', 'Weak', 'True', 0.0),
(185, 'Foam Dinner Plate', 48.4195, 6, 'Low', '2017-11-30 03:35:09.080', 'Weak', 'Unknown', 40.0),
(186, 'Muffin Mix - Blueberry', 82.0839, 8, 'Low', '2017-03-15 01:42:40.190', 'Weak', 'False', 0.0),
(187, 'Pepper - Black, Whole', 41.3835, 3, 'Medium', '2017-10-20 22:26:45.530', 'Durable', 'False', 31.0),
(188, 'Cup - Translucent 7 Oz Clear', 78.1768, 8, 'High', '2017-07-27 20:54:01.860', 'Durable', 'False', 91.0),
(189, 'Bread - Roll, Soft White Round', 76.3021, 5, 'High', '2017-07-01 05:29:27.070', 'Unknown', 'False', 16.0),
(190, 'Cake - Cake Sheet Macaroon', 39.7378, 9, 'Medium', '2018-04-25 18:46:18.070', 'Durable', 'True', 93.0),
(191, 'Hickory Smoke, Liquid', 10.2830, 10, 'High', '2017-04-30 14:25:58.210', 'Weak', 'Unknown', 0.0),
(192, 'Wine - Magnotta, Merlot Sr Vqa', 29.5923, 7, 'Medium', '2017-06-03 21:45:38.370', 'Durable', 'Unknown', 0.0),
(193, 'Veal - Inside, Choice', 60.5314, 11, 'Medium', '2017-02-26 23:21:01.690', 'Unknown', 'False', 19.0),
(194, 'Lettuce - Frisee', 66.7357, 6, 'Medium', '2018-02-12 18:01:09.340', 'Unknown', 'False', 0.0),
(195, 'Beets - Mini Golden', 3.5208, 2, 'Medium', '2017-08-18 11:57:11.040', 'Durable', 'Unknown', 70.0),
(196, 'Longos - Grilled Salmon With Bbq', 8.2286, 1, 'High', '2017-02-11 09:06:20.300', 'Unknown', 'Unknown', 0.0),
(197, 'Mussels - Cultivated', 13.0101, 1, 'Medium', '2018-01-11 00:39:25.780', 'Unknown', 'True', 0.0),
(198, 'Lime Cordial - Roses', 35.2187, 1, 'Low', '2017-04-06 09:08:00.390', 'Durable', 'False', 60.0),
(199, 'Pork - Hock And Feet Attached', 95.7415, 10, 'Medium', '2017-12-15 19:25:21.890', 'Weak', 'Unknown', 105.0),
(200, 'Garlic - Peeled', 11.1295, 5, 'Medium', '2017-05-02 13:23:12.040', 'Weak', 'False', 0.0),
(201, 'Grenadine', 96.3871, 8, 'Medium', '2018-03-01 20:01:50.000', 'Weak', 'True', 117.0),
(202, 'Bay Leaf', 78.8778, 11, 'Low', '2017-10-02 17:35:33.050', 'Weak', 'True', 0.0),
(203, 'Chicken - Leg, Boneless', 59.9557, 1, 'High', '2017-09-25 00:08:01.570', 'Weak', 'Unknown', 29.0),
(204, 'Scallop - St. Jaques', 77.8090, 9, 'Medium', '2017-12-06 16:40:22.750', 'Durable', 'True', 5.0),
(205, 'Turkey - Whole, Fresh', 18.9757, 5, 'High', '2017-01-21 20:24:46.830', 'Weak', 'False', 32.0),
(206, 'Cocoa Butter', 77.5600, 3, 'Low', '2017-07-19 10:37:39.440', 'Unknown', 'Unknown', 0.0),
(207, 'Coffee - Hazelnut Cream', 14.2688, 10, 'Medium', '2018-04-06 19:58:38.760', 'Unknown', 'True', 116.0),
(208, 'Mushroom - Trumpet, Dry', 8.7335, 5, 'Medium', '2017-06-06 08:41:51.600', 'Weak', 'False', 15.0),
(209, 'Sugar - Fine', 32.9885, 3, 'Low', '2018-01-31 23:29:12.410', 'Unknown', 'Unknown', 0.0),
(210, 'Cheese - Brie,danish', 82.2358, 3, 'High', '2017-11-03 21:30:50.320', 'Unknown', 'Unknown', 0.0),
(211, 'Wine - Prosecco Valdobiaddene', 2.0587, 9, 'Low', '2017-01-22 17:07:01.570', 'Unknown', 'True', 76.0),
(212, 'Curry Paste - Madras', 61.7460, 2, 'High', '2017-09-28 06:52:59.570', 'Weak', 'True', 97.0),
(213, 'Pate - Cognac', 70.5891, 10, 'High', '2017-03-23 13:39:46.750', 'Weak', 'True', 39.0),
(214, 'French Pastry - Mini Chocolate', 61.2121, 5, 'Low', '2018-03-09 18:56:56.000', 'Durable', 'Unknown', 0.0),
(215, 'Veal - Brisket, Provimi,bnls', 90.1157, 7, 'High', '2017-09-10 00:07:35.160', 'Weak', 'Unknown', 92.0),
(216, 'Scallops - 10/20', 39.0257, 1, 'Low', '2017-04-04 10:01:57.020', 'Unknown', 'Unknown', 0.0),
(217, 'Bread - Multigrain', 96.5200, 8, 'Medium', '2017-12-21 05:26:21.480', 'Durable', 'True', 0.0),
(218, 'Barramundi', 85.1933, 8, 'High', '2017-04-15 13:28:05.740', 'Weak', 'True', 31.0),
(219, 'Assorted Desserts', 58.9787, 5, 'Low', '2017-01-08 14:46:06.070', 'Durable', 'False', 0.0),
(220, 'Meldea Green Tea Liquor', 17.9610, 10, 'Low', '2017-01-12 02:36:23.500', 'Weak', 'False', 0.0),
(221, 'Bread Crumbs - Panko', 81.9008, 3, 'Low', '2017-07-06 15:47:25.220', 'Unknown', 'False', 0.0),
(222, 'Sole - Dover, Whole, Fresh', 0.6846, 3, 'High', '2018-03-08 07:37:24.910', 'Unknown', 'False', 0.0),
(223, 'Pail With Metal Handle 16l White', 94.4399, 1, 'Medium', '2017-07-06 16:21:02.790', 'Unknown', 'Unknown', 0.0),
(224, 'Flour - Pastry', 28.8618, 1, 'High', '2017-08-09 05:22:24.190', 'Weak', 'False', 0.0),
(225, 'Wine - Charddonnay Errazuriz', 10.3722, 3, 'Medium', '2017-08-28 18:01:46.550', 'Weak', 'Unknown', 0.0),
(226, 'Chestnuts - Whole,canned', 92.0872, 10, 'Medium', '2017-10-18 03:29:08.410', 'Durable', 'True', 0.0),
(227, 'Cheese - Taleggio D.o.p.', 55.4699, 5, 'Low', '2018-04-14 00:24:57.440', 'Weak', 'False', 0.0),
(228, 'Sauce - Hollandaise', 77.8083, 3, 'High', '2017-12-19 11:58:41.190', 'Durable', 'Unknown', 93.0),
(229, 'Bread - Hot Dog Buns', 57.9838, 9, 'Medium', '2017-07-27 08:25:19.790', 'Weak', 'False', 66.0),
(230, 'Wine - Cahors Ac 2000, Clos', 83.5389, 11, 'Medium', '2017-09-01 03:29:58.290', 'Weak', 'False', 75.0),
(231, 'Crush - Cream Soda', 68.3066, 5, 'Medium', '2017-12-24 16:29:34.060', 'Unknown', 'True', 0.0),
(232, 'Quiche Assorted', 33.9490, 3, 'Medium', '2018-01-12 18:03:01.840', 'Weak', 'False', 0.0),
(233, 'Duck - Breast', 56.6209, 11, 'Low', '2017-05-04 00:49:23.860', 'Durable', 'True', 0.0),
(234, 'Tofu - Firm', 72.7457, 1, 'Medium', '2017-02-27 05:41:24.410', 'Weak', 'Unknown', 0.0),
(235, 'Bread - English Muffin', 34.5061, 6, 'High', '2018-05-09 04:42:48.650', 'Durable', 'False', 0.0),
(236, 'Tomato - Tricolor Cherry', 85.6940, 1, 'Low', '2017-10-02 00:56:42.020', 'Unknown', 'True', 113.0),
(237, 'Mayonnaise - Individual Pkg', 65.6303, 8, 'Low', '2017-12-29 21:22:55.960', 'Weak', 'False', 94.0),
(238, 'Garlic', 28.4065, 6, 'Medium', '2017-05-22 21:55:14.430', 'Durable', 'False', 0.0),
(239, 'Soup - Campbells, Cream Of', 7.6019, 5, 'Medium', '2017-06-03 20:05:36.490', 'Weak', 'True', 0.0),
(240, 'Wine - Chablis 2003 Champs', 70.8596, 4, 'Low', '2017-05-14 16:57:29.640', 'Weak', 'False', 0.0),
(241, 'Cheese - Cheddarsliced', 67.8151, 9, 'Medium', '2017-04-17 05:44:01.430', 'Unknown', 'Unknown', 0.0),
(242, 'Thermometer Digital', 32.6500, 9, 'Low', '2017-05-17 13:44:53.920', 'Weak', 'False', 11.0),
(243, 'Sun - Dried Tomatoes', 45.1883, 6, 'Medium', '2017-11-02 21:24:49.460', 'Weak', 'False', 104.0),
(244, 'Beef - Rib Eye Aaa', 94.0664, 2, 'Low', '2018-01-04 07:58:36.760', 'Unknown', 'True', 0.0),
(245, 'Grouper - Fresh', 37.6791, 1, 'Medium', '2018-04-04 01:39:16.490', 'Weak', 'Unknown', 111.0),
(246, 'Ice Cream Bar - Hageen Daz To', 48.5371, 9, 'Low', '2017-12-10 07:32:58.640', 'Weak', 'False', 96.0),
(247, 'Juice - Apple Cider', 59.0033, 9, 'High', '2017-03-14 08:05:51.620', 'Weak', 'False', 58.0),
(248, 'Beef - Inside Round', 99.3193, 7, 'Low', '2017-04-29 04:24:05.700', 'Unknown', 'Unknown', 0.0),
(249, 'Cookie Dough - Double', 76.6201, 10, 'Medium', '2017-06-05 17:53:34.170', 'Weak', 'True', 0.0),
(250, 'Soup - Campbells, Beef Barley', 64.4951, 1, 'Low', '2017-05-17 01:55:14.020', 'Durable', 'False', 0.0),
(251, 'Oranges - Navel, 72', 11.7087, 5, 'Low', '2017-07-01 03:39:58.820', 'Weak', 'True', 7.0),
(252, 'Nantucket - Pomegranate Pear', 27.8169, 4, 'Medium', '2017-09-28 11:11:20.030', 'Weak', 'Unknown', 83.0),
(253, 'Wanton Wrap', 76.2400, 7, 'High', '2017-03-29 18:21:54.320', 'Unknown', 'Unknown', 0.0),
(254, 'Soup - Canadian Pea, Dry Mix', 77.7804, 1, 'Low', '2017-12-04 16:48:58.390', 'Weak', 'True', 0.0),
(255, 'Kellogs All Bran Bars', 29.2287, 3, 'Low', '2018-03-05 21:35:46.830', 'Weak', 'False', 0.0),
(256, 'Soup Knorr Chili With Beans', 95.7024, 6, 'Medium', '2018-05-03 12:24:25.100', 'Durable', 'Unknown', 0.0),
(257, 'Pasta - Detalini, White, Fresh', 84.4380, 11, 'High', '2017-03-30 01:14:30.260', 'Durable', 'Unknown', 0.0),
(258, 'Tea - English Breakfast', 31.0939, 1, 'Low', '2017-02-16 18:45:37.370', 'Weak', 'Unknown', 0.0),
(259, 'Veal - Eye Of Round', 67.4367, 7, 'High', '2017-04-10 22:38:36.190', 'Unknown', 'True', 71.0),
(260, 'Yogurt - Blueberry, 175 Gr', 26.8886, 7, 'Low', '2017-08-13 16:55:38.420', 'Durable', 'False', 31.0),
(261, 'Chinese Foods - Chicken', 22.0901, 9, 'High', '2017-08-14 10:12:42.010', 'Durable', 'True', 0.0),
(262, 'Bagel - Plain', 36.4605, 7, 'Medium', '2017-04-19 07:59:57.570', 'Durable', 'Unknown', 41.0),
(263, 'Soupfoamcont12oz 112con', 50.7497, 7, 'Low', '2018-03-20 00:16:31.820', 'Weak', 'False', 0.0),
(264, 'Juice - V8 Splash', 49.4497, 3, 'High', '2017-06-02 19:59:14.110', 'Durable', 'True', 0.0),
(265, 'Mushroom - Porcini, Dry', 13.9292, 10, 'Medium', '2018-03-20 05:01:16.260', 'Weak', 'Unknown', 7.0),
(266, 'Clam Nectar', 68.1097, 7, 'High', '2017-05-19 23:03:59.730', 'Weak', 'Unknown', 0.0),
(267, 'Grapes - Red', 5.1250, 2, 'Medium', '2017-05-28 06:03:35.710', 'Unknown', 'True', 0.0),
(268, 'Vanilla Beans', 97.8435, 9, 'Low', '2017-01-25 07:58:22.340', 'Durable', 'False', 0.0),
(269, 'Wine - Blue Nun Qualitatswein', 26.7060, 11, 'Medium', '2018-03-10 14:14:07.360', 'Durable', 'True', 0.0),
(270, 'Cheese Cloth No 100', 4.4216, 6, 'Medium', '2018-04-17 23:10:53.140', 'Durable', 'Unknown', 101.0),
(271, 'Banana - Leaves', 73.3954, 5, 'High', '2017-08-13 12:39:01.070', 'Unknown', 'True', 0.0),
(272, 'Chocolate - Semi Sweet, Calets', 68.1134, 2, 'Low', '2017-08-01 07:31:07.050', 'Weak', 'True', 13.0),
(273, 'Bandage - Flexible Neon', 77.5913, 4, 'Medium', '2018-03-21 17:22:29.260', 'Weak', 'Unknown', 0.0),
(274, 'Papayas', 88.1192, 2, 'Low', '2018-01-03 21:48:36.440', 'Weak', 'False', 0.0),
(275, 'Corn Meal', 50.1460, 1, 'Medium', '2018-02-03 20:52:22.080', 'Durable', 'True', 88.0),
(276, 'Snapple - Iced Tea Peach', 49.2508, 5, 'High', '2017-02-20 02:02:31.300', 'Unknown', 'True', 0.0),
(277, 'Sea Bass - Whole', 55.4964, 9, 'Medium', '2017-05-06 10:12:35.440', 'Durable', 'Unknown', 118.0),
(278, 'Apricots - Halves', 0.3735, 11, 'Medium', '2017-11-09 08:22:26.040', 'Weak', 'False', 87.0),
(279, 'Beef - Texas Style Burger', 91.1828, 1, 'Low', '2017-09-14 03:43:07.710', 'Durable', 'True', 0.0),
(280, 'Onion Powder', 61.8352, 5, 'Medium', '2018-01-26 10:28:47.910', 'Durable', 'False', 0.0),
(281, 'Bar Mix - Pina Colada, 355 Ml', 33.0839, 2, 'High', '2017-08-06 19:23:16.790', 'Durable', 'True', 0.0),
(282, 'Lemonade - Natural, 591 Ml', 56.1506, 10, 'Low', '2017-12-16 20:00:51.740', 'Durable', 'False', 88.0),
(283, 'Bread Fig And Almond', 1.1882, 4, 'Low', '2017-07-16 18:05:07.010', 'Durable', 'False', 0.0),
(284, 'Beer - Rickards Red', 93.4888, 9, 'Low', '2017-03-13 06:30:05.770', 'Weak', 'False', 0.0),
(285, 'Cheese - Mix', 71.8302, 7, 'Low', '2017-03-03 23:49:59.470', 'Unknown', 'Unknown', 107.0),
(286, 'Beef - Prime Rib Aaa', 40.4897, 2, 'Low', '2017-03-29 05:18:14.030', 'Durable', 'False', 29.0),
(287, 'Bread - Italian Roll With Herbs', 57.7090, 7, 'Medium', '2017-10-16 23:41:07.520', 'Durable', 'True', 0.0),
(288, 'Orange - Canned, Mandarin', 78.8405, 11, 'Low', '2017-10-07 08:00:25.480', 'Durable', 'True', 0.0),
(289, 'Sword Pick Asst', 43.5169, 10, 'Low', '2017-05-03 08:05:37.580', 'Durable', 'False', 0.0),
(290, 'Sauce - Rosee', 38.8037, 1, 'Low', '2017-01-06 16:18:23.540', 'Unknown', 'True', 110.0),
(291, 'Crab - Dungeness, Whole', 1.2559, 2, 'Medium', '2017-07-05 23:42:11.760', 'Unknown', 'False', 0.0),
(292, 'Turkey - Oven Roast Breast', 34.5364, 8, 'Low', '2017-11-13 02:37:18.580', 'Unknown', 'False', 0.0),
(293, 'Garlic - Elephant', 60.9698, 11, 'Medium', '2017-02-11 23:16:38.230', 'Durable', 'Unknown', 0.0),
(294, 'Wine - Alsace Gewurztraminer', 80.7133, 10, 'Low', '2018-02-28 03:09:58.080', 'Weak', 'Unknown', 18.0),
(295, 'Ice - Clear, 300 Lb For Carving', 48.7695, 7, 'Low', '2018-02-07 06:44:47.630', 'Unknown', 'True', 0.0),
(296, 'Wine - Valpolicella Masi', 31.3545, 3, 'Low', '2018-05-07 21:44:03.870', 'Weak', 'False', 90.0),
(297, 'Hinge W Undercut', 81.9003, 3, 'Low', '2017-07-07 13:28:22.110', 'Durable', 'True', 120.0),
(298, 'Pop Shoppe Cream Soda', 95.7387, 4, 'Medium', '2017-06-03 01:25:35.340', 'Unknown', 'False', 0.0),
(299, 'Fuji Apples', 80.1371, 4, 'Medium', '2018-02-24 02:57:20.510', 'Unknown', 'False', 0.0),
(300, 'Beans - Kidney, Canned', 69.5694, 5, 'Medium', '2017-11-16 02:35:16.760', 'Unknown', 'True', 0.0),
(301, 'Beer - Labatt Blue', 43.4120, 8, 'Medium', '2017-07-16 01:29:22.930', 'Weak', 'Unknown', 0.0),
(302, 'Doilies - 5, Paper', 61.1598, 11, 'Medium', '2017-02-18 00:07:29.280', 'Durable', 'Unknown', 0.0),
(303, 'Cod - Black Whole Fillet', 72.6133, 7, 'High', '2017-06-28 14:09:58.350', 'Unknown', 'False', 0.0),
(304, 'Banana Turning', 72.1984, 5, 'High', '2017-06-27 18:42:41.030', 'Unknown', 'True', 0.0),
(305, 'Pastry - Cheese Baked Scones', 91.0997, 8, 'Medium', '2018-02-10 13:16:12.950', 'Weak', 'True', 19.0),
(306, 'Pepper - White, Ground', 43.5953, 4, 'Low', '2018-04-08 20:08:51.780', 'Durable', 'True', 117.0),
(307, 'Foam Cup 6 Oz', 50.2256, 1, 'High', '2017-11-16 17:48:50.780', 'Durable', 'Unknown', 0.0),
(308, 'Tea - Decaf Lipton', 88.1209, 6, 'High', '2017-08-02 20:33:17.890', 'Durable', 'Unknown', 0.0),
(309, 'Muffin Batt - Choc Chk', 27.6344, 11, 'Medium', '2018-03-09 19:56:36.310', 'Durable', 'True', 76.0),
(310, 'Coffee - Dark Roast', 79.9780, 9, 'Low', '2018-01-14 19:33:15.530', 'Weak', 'False', 0.0),
(311, 'Wonton Wrappers', 40.2060, 9, 'High', '2017-12-29 02:11:49.650', 'Weak', 'Unknown', 56.0),
(312, 'Salmon - Sockeye Raw', 84.0645, 1, 'Low', '2017-09-27 16:52:04.230', 'Weak', 'True', 54.0),
(313, 'Veal - Slab Bacon', 39.9111, 11, 'High', '2017-10-12 15:02:29.670', 'Unknown', 'Unknown', 116.0),
(314, 'Salmon Steak - Cohoe 8 Oz', 5.6015, 2, 'Medium', '2017-07-23 12:09:48.290', 'Unknown', 'True', 82.0),
(315, 'Wine - Gato Negro Cabernet', 93.8047, 6, 'Medium', '2017-01-07 21:32:21.630', 'Unknown', 'True', 0.0),
(316, 'Cheese - Victor Et Berthold', 65.9395, 11, 'High', '2018-01-05 14:11:50.270', 'Weak', 'False', 94.0),
(317, 'Water - Green Tea Refresher', 35.2723, 3, 'Low', '2018-02-10 13:54:50.560', 'Weak', 'False', 0.0),
(318, 'Ecolab - Solid Fusion', 57.2610, 10, 'High', '2018-01-07 17:46:26.050', 'Unknown', 'Unknown', 76.0),
(319, 'Towels - Paper / Kraft', 77.6195, 7, 'High', '2017-04-01 20:09:14.640', 'Unknown', 'Unknown', 0.0),
(320, 'Yogurt - French Vanilla', 73.4396, 9, 'Low', '2017-12-22 23:43:02.230', 'Unknown', 'Unknown', 0.0),
(321, 'Potatoes - Instant, Mashed', 10.4007, 1, 'Medium', '2017-12-10 23:22:52.220', 'Durable', 'Unknown', 0.0),
(322, 'Onions - Vidalia', 26.2846, 2, 'Medium', '2017-12-28 22:03:10.240', 'Unknown', 'Unknown', 0.0),
(323, 'Extract - Lemon', 54.3266, 10, 'High', '2018-01-31 23:52:44.760', 'Weak', 'False', 99.0),
(324, 'Apricots - Dried', 87.9023, 10, 'Low', '2018-03-04 21:55:43.810', 'Durable', 'True', 42.0),
(325, 'Halibut - Fletches', 3.1657, 5, 'Low', '2017-10-13 23:28:41.380', 'Unknown', 'True', 87.0),
(326, 'Appetizer - Mushroom Tart', 38.8590, 9, 'High', '2018-02-07 10:01:42.490', 'Unknown', 'False', 0.0),
(327, 'Appetizer - Mini Egg Roll, Shrimp', 7.1436, 2, 'Medium', '2017-06-20 08:14:28.810', 'Unknown', 'False', 0.0),
(328, 'Tuna - Salad Premix', 96.8781, 6, 'Medium', '2017-01-22 14:12:31.170', 'Durable', 'True', 35.0),
(329, 'Pork - Loin, Center Cut', 39.3496, 6, 'High', '2018-04-05 15:03:48.810', 'Weak', 'True', 0.0),
(330, 'Olives - Kalamata', 18.7914, 10, 'Medium', '2018-02-05 23:08:18.220', 'Unknown', 'False', 0.0),
(331, 'Cookies Cereal Nut', 67.3505, 3, 'High', '2017-12-23 12:34:09.200', 'Durable', 'Unknown', 80.0),
(332, 'Bouq All Italian - Primerba', 59.7578, 5, 'Low', '2018-04-12 08:47:00.100', 'Unknown', 'False', 0.0),
(333, 'Cheese - Cottage Cheese', 20.2364, 7, 'High', '2018-01-23 05:25:05.530', 'Weak', 'False', 0.0),
(334, 'Ecolab - Lime - A - Way 4/4 L', 21.6133, 7, 'High', '2018-03-08 01:07:50.950', 'Weak', 'True', 0.0),
(335, 'Oil - Shortening,liqud, Fry', 18.4231, 9, 'Low', '2017-07-14 08:59:24.970', 'Weak', 'Unknown', 84.0),
(336, 'Broom - Corn', 71.9241, 2, 'Low', '2017-06-19 19:15:47.500', 'Durable', 'True', 0.0),
(337, 'Bread - Rye', 83.5373, 3, 'Low', '2017-06-21 05:50:53.390', 'Durable', 'True', 0.0),
(338, 'Cheese - Camembert', 28.9899, 11, 'Low', '2017-01-19 23:22:25.970', 'Durable', 'Unknown', 0.0),
(339, 'Beef - Striploin Aa', 2.3890, 2, 'Medium', '2017-06-09 17:13:52.820', 'Weak', 'Unknown', 0.0),
(340, 'Veal - Sweetbread', 28.2349, 3, 'High', '2017-04-04 03:41:07.690', 'Durable', 'True', 0.0),
(341, 'Bread - Roll, Canadian Dinner', 90.2641, 1, 'Low', '2017-09-19 11:29:23.250', 'Weak', 'True', 0.0),
(342, 'Mangoes', 69.5881, 1, 'Medium', '2017-03-17 03:07:49.620', 'Unknown', 'False', 51.0),
(343, 'Otomegusa Dashi Konbu', 51.2061, 1, 'High', '2017-12-07 12:03:49.170', 'Durable', 'False', 0.0),
(344, 'Sausage - Liver', 63.5389, 2, 'Low', '2017-08-26 12:32:22.060', 'Unknown', 'False', 114.0),
(345, 'Bread - Calabrese Baguette', 98.5978, 4, 'Medium', '2017-05-18 14:06:33.900', 'Durable', 'False', 67.0),
(346, 'Cheese - Parmesan Grated', 17.1914, 1, 'Low', '2018-02-15 06:50:07.540', 'Unknown', 'True', 0.0),
(347, 'Pail For Lid 1537', 94.6253, 8, 'Low', '2017-02-01 11:34:48.910', 'Unknown', 'True', 0.0),
(348, 'Pasta - Cheese / Spinach Bauletti', 55.3683, 10, 'Low', '2017-11-29 11:06:49.950', 'Durable', 'True', 54.0),
(349, 'Puree - Mocha', 86.9086, 4, 'Medium', '2018-02-21 05:37:36.440', 'Unknown', 'True', 0.0),
(350, 'Isomalt', 82.8300, 8, 'Low', '2017-02-02 16:32:57.360', 'Unknown', 'True', 0.0),
(351, 'Hot Chocolate - Individual', 96.0823, 1, 'High', '2017-03-28 07:49:13.300', 'Durable', 'Unknown', 0.0),
(352, 'Beef - Tenderlion, Center Cut', 24.6393, 4, 'Low', '2017-11-06 19:41:56.060', 'Unknown', 'False', 5.0),
(353, 'Milk Powder', 18.1191, 8, 'Medium', '2017-03-04 05:16:20.700', 'Weak', 'True', 80.0),
(354, 'Crackers Cheez It', 6.6975, 7, 'Medium', '2017-03-05 03:14:18.270', 'Unknown', 'False', 0.0),
(355, 'Olives - Stuffed', 59.1687, 5, 'Low', '2018-04-15 03:12:24.540', 'Durable', 'False', 12.0),
(356, 'Dc - Frozen Momji', 17.1274, 6, 'High', '2017-11-25 03:26:12.700', 'Durable', 'Unknown', 0.0),
(357, 'Tilapia - Fillets', 6.8332, 2, 'Medium', '2017-05-27 00:14:44.530', 'Durable', 'False', 0.0),
(358, 'Cheese - Boursin, Garlic / Herbs', 84.7111, 9, 'Medium', '2017-09-02 16:14:14.540', 'Unknown', 'True', 0.0),
(359, 'Rice - Long Grain', 69.0327, 11, 'High', '2018-01-21 19:13:59.660', 'Durable', 'True', 96.0),
(360, 'Wine - Hardys Bankside Shiraz', 52.2407, 10, 'Medium', '2017-01-04 03:14:30.460', 'Durable', 'True', 89.0),
(361, 'Coffee Decaf Colombian', 36.4516, 2, 'Medium', '2017-10-20 11:54:22.960', 'Weak', 'True', 71.0),
(362, 'Cumin - Whole', 53.3476, 7, 'Medium', '2017-10-26 03:36:19.600', 'Durable', 'Unknown', 0.0),
(363, 'Cornflakes', 48.7712, 11, 'High', '2017-09-06 05:29:29.090', 'Unknown', 'True', 0.0),
(364, 'Cattail Hearts', 8.8429, 1, 'High', '2017-02-01 20:48:18.090', 'Unknown', 'Unknown', 0.0),
(365, 'Wine - Red, Harrow Estates, Cab', 12.6274, 7, 'Medium', '2017-01-23 06:59:06.330', 'Weak', 'True', 95.0),
(366, 'Tahini Paste', 80.4483, 4, 'High', '2018-01-25 17:24:49.550', 'Unknown', 'False', 0.0),
(367, 'Bread - Italian Corn Meal Poly', 63.8281, 5, 'Medium', '2018-01-12 11:26:58.700', 'Unknown', 'True', 65.0),
(368, 'Flour - Teff', 18.2978, 4, 'Low', '2017-12-14 13:54:38.720', 'Unknown', 'False', 0.0),
(369, 'Rambutan', 87.1785, 5, 'Medium', '2017-01-10 03:10:23.310', 'Unknown', 'True', 10.0),
(370, 'Muffin - Carrot Individual Wrap', 21.8806, 4, 'Low', '2017-11-28 02:16:34.130', 'Weak', 'True', 0.0),
(371, 'Creme De Banane - Marie', 82.4022, 8, 'High', '2017-07-18 08:20:56.880', 'Durable', 'Unknown', 0.0),
(372, 'Wine - Two Oceans Cabernet', 6.2824, 3, 'Low', '2018-01-22 14:32:24.580', 'Unknown', 'True', 0.0),
(373, 'Beef - Montreal Smoked Brisket', 54.8719, 9, 'Medium', '2017-08-01 00:32:33.220', 'Durable', 'False', 0.0),
(374, 'Jagermeister', 49.3846, 5, 'Low', '2018-05-07 16:28:06.950', 'Durable', 'False', 0.0),
(375, 'Snapple Lemon Tea', 83.1755, 8, 'High', '2017-04-05 12:13:38.970', 'Unknown', 'True', 80.0),
(376, 'Pasta - Angel Hair', 40.8126, 11, 'High', '2017-09-26 20:15:02.590', 'Durable', 'True', 51.0),
(377, 'Wine - Red, Cooking', 75.0785, 1, 'Medium', '2017-01-22 09:59:21.060', 'Durable', 'False', 7.0),
(378, 'Bread Foccacia Whole', 90.7877, 9, 'High', '2017-06-08 11:20:22.690', 'Durable', 'False', 0.0),
(379, 'Smoked Paprika', 89.3046, 7, 'High', '2017-10-18 07:49:09.900', 'Unknown', 'False', 81.0),
(380, 'Wine - White Cab Sauv.on', 85.9743, 4, 'High', '2018-01-05 16:38:33.840', 'Unknown', 'True', 0.0),
(381, 'Vaccum Bag 10x13', 44.2337, 1, 'High', '2018-01-06 22:26:53.580', 'Unknown', 'Unknown', 41.0),
(382, 'Soup - Campbells Bean Medley', 51.7754, 4, 'Medium', '2017-11-28 21:07:38.870', 'Weak', 'Unknown', 0.0),
(383, 'Cake - Box Window 10x10x2.5', 9.9694, 2, 'High', '2017-04-10 08:34:54.730', 'Weak', 'Unknown', 0.0),
(384, 'Fond - Neutral', 56.5197, 10, 'High', '2018-03-03 22:30:51.450', 'Unknown', 'True', 105.0),
(385, 'Pork - Back, Short Cut, Boneless', 22.7091, 10, 'High', '2017-11-11 15:19:04.910', 'Durable', 'False', 97.0),
(386, 'Sprouts - Baby Pea Tendrils', 42.7112, 10, 'Medium', '2017-02-16 16:52:13.130', 'Weak', 'False', 0.0),
(387, 'Fondant - Icing', 41.6386, 9, 'High', '2018-02-09 03:30:39.400', 'Durable', 'False', 100.0),
(388, 'Table Cloth 120 Round White', 13.5389, 1, 'Medium', '2017-11-21 02:10:47.260', 'Durable', 'True', 0.0),
(389, 'Pomello', 62.4447, 3, 'Medium', '2018-04-01 21:55:26.420', 'Unknown', 'Unknown', 103.0),
(390, 'Seedlings - Mix, Organic', 1.2956, 3, 'Low', '2017-12-27 05:33:12.280', 'Unknown', 'False', 0.0),
(391, 'Bread - Bistro White', 65.0908, 1, 'Medium', '2017-01-24 19:01:02.970', 'Unknown', 'True', 72.0),
(392, 'Puree - Passion Fruit', 98.8263, 5, 'High', '2018-02-25 13:36:38.850', 'Unknown', 'True', 33.0),
(393, 'Olive - Spread Tapenade', 59.9572, 1, 'Low', '2017-05-08 04:08:26.320', 'Unknown', 'Unknown', 0.0),
(394, 'Rum - Mount Gay Eclipes', 50.1484, 3, 'High', '2017-06-06 13:59:22.350', 'Durable', 'True', 76.0),
(395, 'Juice - Lime', 91.7833, 1, 'Low', '2017-10-22 15:46:44.740', 'Weak', 'True', 0.0),
(396, 'Tea - Jasmin Green', 36.9165, 6, 'High', '2018-04-03 07:53:03.650', 'Durable', 'False', 0.0),
(397, 'Juice - Happy Planet', 20.8169, 1, 'Medium', '2017-11-17 21:38:20.540', 'Weak', 'False', 70.0),
(398, 'Wine - Wyndham Estate Bin 777', 42.3632, 11, 'High', '2017-11-05 15:15:31.080', 'Weak', 'True', 67.0),
(399, 'Berry Brulee', 50.9114, 6, 'Medium', '2017-08-04 05:33:15.730', 'Unknown', 'True', 0.0),
(400, 'Carbonated Water - Blackcherry', 18.1495, 1, 'High', '2017-08-30 20:41:44.350', 'Durable', 'True', 0.0),
(401, 'Tart Shells - Sweet, 4', 53.3634, 8, 'High', '2017-02-03 19:23:08.840', 'Unknown', 'Unknown', 51.0),
(402, 'Butter - Unsalted', 76.3275, 5, 'High', '2017-06-27 21:40:10.190', 'Durable', 'Unknown', 6.0),
(403, 'Liners - Baking Cups', 68.1898, 5, 'Medium', '2017-11-20 07:56:26.630', 'Unknown', 'Unknown', 0.0),
(404, 'Pants Custom Dry Clean', 65.0280, 1, 'Medium', '2017-03-27 03:21:02.310', 'Durable', 'False', 0.0),
(405, 'Pastry - Raisin Muffin - Mini', 0.4278, 11, 'Medium', '2017-11-25 08:12:00.480', 'Durable', 'True', 0.0),
(406, 'Shrimp - Baby, Warm Water', 89.7999, 9, 'High', '2017-07-13 17:16:48.730', 'Durable', 'False', 0.0),
(407, 'Pepsi - Diet, 355 Ml', 69.7674, 7, 'High', '2017-04-08 19:09:22.830', 'Weak', 'False', 0.0),
(408, 'Blueberries', 68.7346, 4, 'Low', '2017-03-06 12:48:13.750', 'Unknown', 'False', 0.0),
(409, 'Skirt - 29 Foot', 23.5220, 11, 'Medium', '2018-04-08 15:00:39.310', 'Durable', 'Unknown', 0.0),
(410, 'Fenngreek Seed', 18.3560, 6, 'Low', '2017-07-20 06:57:21.940', 'Unknown', 'Unknown', 91.0),
(411, 'Durian Fruit', 42.0489, 6, 'Low', '2017-11-03 17:26:51.640', 'Unknown', 'True', 0.0),
(412, 'Lettuce - California Mix', 16.0456, 5, 'High', '2018-04-27 12:54:21.840', 'Weak', 'True', 0.0),
(413, 'Ice Cream Bar - Oreo Cone', 95.4065, 3, 'High', '2018-03-25 08:25:04.650', 'Durable', 'False', 5.0),
(414, 'Sauerkraut', 83.0585, 7, 'Low', '2017-01-17 02:35:25.820', 'Durable', 'Unknown', 87.0),
(415, 'Mussels - Frozen', 8.0069, 10, 'High', '2017-05-07 04:47:36.890', 'Durable', 'False', 0.0),
(416, 'Baking Powder', 84.6763, 10, 'Low', '2018-03-31 14:46:44.090', 'Weak', 'True', 0.0),
(417, 'Lamb - Pieces, Diced', 43.3781, 5, 'Medium', '2017-07-18 19:01:24.860', 'Unknown', 'Unknown', 12.0),
(418, 'Truffle Cups - Brown', 92.2516, 2, 'Low', '2017-11-12 06:58:37.640', 'Unknown', 'True', 0.0),
(419, 'Pork - Belly Fresh', 86.1338, 3, 'Low', '2017-07-31 05:29:13.180', 'Weak', 'True', 8.0),
(420, 'Whmis - Spray Bottle Trigger', 69.9163, 9, 'High', '2018-04-15 14:06:53.200', 'Weak', 'True', 0.0),
(421, 'Soup V8 Roasted Red Pepper', 38.8096, 6, 'High', '2018-04-25 13:54:10.160', 'Durable', 'False', 0.0),
(422, 'Garlic - Primerba, Paste', 50.2892, 5, 'High', '2017-02-22 09:16:11.430', 'Weak', 'Unknown', 60.0),
(423, 'Fish - Scallops, Cold Smoked', 55.8531, 2, 'Medium', '2018-01-21 15:59:12.310', 'Unknown', 'Unknown', 35.0),
(424, 'Vinegar - Tarragon', 85.8828, 3, 'Medium', '2017-05-23 21:37:11.040', 'Unknown', 'False', 0.0),
(425, 'Wine - Redchard Merritt', 56.7898, 4, 'Medium', '2017-11-04 07:15:31.160', 'Weak', 'Unknown', 0.0),
(426, 'Scallops - Live In Shell', 83.5759, 3, 'Low', '2017-09-29 18:44:18.040', 'Unknown', 'Unknown', 0.0),
(427, 'Wine - Vineland Estate Semi - Dry', 46.3252, 3, 'High', '2017-09-17 10:23:58.260', 'Durable', 'False', 0.0),
(428, 'Wine - Ruffino Chianti', 4.7235, 7, 'Medium', '2017-02-25 10:33:10.870', 'Unknown', 'True', 48.0),
(429, 'Beef - Short Loin', 57.6013, 4, 'High', '2017-07-17 00:41:22.210', 'Weak', 'False', 0.0),
(430, 'Milk - 1%', 46.2589, 2, 'Low', '2017-05-12 04:20:35.330', 'Durable', 'False', 84.0),
(431, 'Muffin Chocolate Individual Wrap', 19.9957, 10, 'Medium', '2018-03-18 22:36:42.060', 'Weak', 'False', 89.0),
(432, 'Beer - Original Organic Lager', 32.7153, 2, 'High', '2017-07-26 18:43:49.990', 'Unknown', 'False', 44.0),
(433, 'Beans - Kidney, Red Dry', 39.8762, 3, 'Low', '2018-03-14 05:47:06.970', 'Durable', 'False', 11.0),
(434, 'Cookie - Dough Variety', 71.1551, 7, 'Low', '2017-02-18 11:07:25.550', 'Weak', 'True', 0.0),
(435, 'Salsify, Organic', 32.6109, 8, 'High', '2017-12-02 21:15:24.990', 'Durable', 'True', 0.0),
(436, 'Table Cloth 81x81 White', 67.9063, 7, 'High', '2017-07-13 00:46:43.380', 'Unknown', 'False', 25.0),
(437, 'Chips Potato All Dressed - 43g', 83.5856, 10, 'High', '2017-01-09 13:11:12.230', 'Durable', 'Unknown', 0.0),
(438, 'Juice - Orange', 44.9415, 2, 'Low', '2017-01-15 05:13:52.420', 'Durable', 'Unknown', 0.0),
(439, 'Beef - Chuck, Boneless', 56.0919, 11, 'Medium', '2017-04-09 14:18:50.960', 'Unknown', 'False', 108.0),
(440, 'Pork - Inside', 32.9092, 1, 'Low', '2017-05-01 22:02:16.170', 'Unknown', 'Unknown', 0.0),
(441, 'Blackberries', 72.9439, 3, 'Medium', '2018-03-19 21:42:50.300', 'Weak', 'Unknown', 0.0),
(442, 'Wine - Ej Gallo Sierra Valley', 72.9041, 6, 'Medium', '2017-12-06 14:42:25.640', 'Unknown', 'Unknown', 106.0),
(443, 'Lettuce - Spring Mix', 90.0169, 2, 'Low', '2017-12-22 11:10:07.960', 'Unknown', 'False', 79.0),
(444, 'Cheese - Cambozola', 44.0886, 8, 'Low', '2017-09-13 14:58:04.470', 'Durable', 'Unknown', 56.0),
(445, 'Pastry - Choclate Baked', 59.2467, 8, 'High', '2017-02-23 12:06:20.630', 'Weak', 'Unknown', 76.0),
(446, 'Sunflower Seed Raw', 49.0452, 7, 'High', '2017-02-06 06:06:41.130', 'Unknown', 'Unknown', 18.0),
(447, 'Salmon - Atlantic, Skin On', 3.4198, 3, 'High', '2018-04-12 05:11:34.210', 'Unknown', 'True', 0.0),
(448, 'Gatorade - Xfactor Berry', 76.8988, 5, 'Low', '2017-04-22 01:33:00.490', 'Unknown', 'False', 0.0),
(449, 'Nantuket Peach Orange', 42.1414, 4, 'Low', '2017-01-31 09:11:45.450', 'Unknown', 'False', 0.0),
(450, 'Wine - Vidal Icewine Magnotta', 7.1070, 3, 'Low', '2017-12-01 01:00:00.650', 'Unknown', 'Unknown', 0.0),
(451, 'Soup - Campbells Tomato Ravioli', 93.5384, 1, 'Low', '2017-09-16 12:51:38.780', 'Durable', 'False', 0.0),
(452, 'Napkin White - Starched', 28.5653, 11, 'Low', '2017-01-06 14:39:42.890', 'Durable', 'Unknown', 0.0);

-- --------------------------------------------------------

--
-- Table structure for table `sales`
--

CREATE TABLE `sales` (
  `SalesID` int(3) DEFAULT NULL,
  `SalesPersonID` int(2) DEFAULT NULL,
  `CustomerID` int(5) DEFAULT NULL,
  `ProductID` int(3) DEFAULT NULL,
  `Quantity` int(2) DEFAULT NULL,
  `Discount` decimal(2,1) DEFAULT NULL,
  `TotalPrice` decimal(2,1) DEFAULT NULL,
  `SalesDate` date DEFAULT NULL,
  `TransactionNumber` varchar(20) DEFAULT NULL
) ENGINE=InnoDB DEFAULT CHARSET=utf8 COLLATE=utf8_general_ci;

--
-- Dumping data for table `sales`
--

INSERT INTO `sales` (`SalesID`, `SalesPersonID`, `CustomerID`, `ProductID`, `Quantity`, `Discount`, `TotalPrice`, `SalesDate`, `TransactionNumber`) VALUES
(1, 6, 115, 381, 7, 0.0, 9.6, '2017-01-22', 'FQL4S94E4ME1EZFTG42G'),
(2, 16, 18, 61, 7, 0.0, 2.8, '2017-09-01', '12UGLX40DJ1A5DTFBHB8'),
(3, 13, 149, 23, 24, 0.0, 9.4, '2017-06-05', '5DT8RCPL87KI5EORO7B0'),
(4, 8, 87, 176, 19, 0.2, 5.4, '2017-02-18', 'R3DR9MLD5NR76VO17ULE'),
(5, 10, 188, 310, 9, 0.0, 0.1, '2017-01-23', '4BGS0Z5OMAZ8NDAFHHP3'),
(6, 13, 76, 413, 8, 0.0, 8.8, '2017-08-08', '3KTAYIZPGDQMZMRWZ8NG'),
(7, 14, 18, 370, 12, 0.0, 5.3, '2017-01-30', 'ICRZIHELQCVB71RNH1G5'),
(8, 3, 63, 287, 4, 0.2, 5.3, '2017-08-27', '6X9MOQIJH92NIK81BG0K'),
(9, 16, 58, 124, 23, 0.0, 7.0, '2017-04-15', 'P0UARL09H66APBEIDUQW'),
(10, 22, 101, 346, 17, 0.2, 5.4, '2017-02-26', '92TNPGIL6LFKVGWFBW5H'),
(11, 5, 130, 405, 18, 0.2, 7.6, '2017-08-10', 'Z2WDS9TJXLAO1GY0N24I'),
(12, 17, 145, 285, 8, 0.0, 8.3, '2017-07-05', 'BLQPUVH22XKER90WAW7P'),
(13, 22, 132, 162, 8, 0.2, 5.6, '2017-01-13', '8Z5WT0YENU1ZMOH5NYEB'),
(14, 7, 26, 406, 9, 0.0, 6.6, '2017-01-07', 'VOP9A7Y4C5XSM2LLT0UJ'),
(15, 19, 134, 134, 5, 0.0, 3.4, '2017-09-01', 'E2JF4LIQNYTDKDBGMJS0'),
(16, 16, 192, 364, 24, 0.0, 2.1, '2017-07-20', 'AO360LVKUYJSSGL5T5MF'),
(17, 8, 152, 185, 4, 0.0, 9.6, '2017-01-21', 'P73F1OA46H2JE3EF83ZM'),
(18, 17, 185, 377, 25, 0.1, 5.0, '2017-09-07', 'S09LSXPASD6KXLHZRZWL'),
(19, 23, 64, 49, 1, 0.0, 4.7, '2017-07-08', 'NGH8EC7PL1MS7W6UT8RL'),
(20, 18, 170, 308, 13, 0.0, 5.8, '2017-07-14', 'D3VYGIWGH421Q5JSCEKI'),
(21, 16, 53, 147, 24, 0.0, 7.4, '2017-06-08', '7BKSQOA5XQ50L9DLAXUB'),
(22, 18, 157, 442, 6, 0.0, 0.6, '2017-07-25', '3XJQHRN1HU7295SB6QUL'),
(23, 1, 21, 392, 9, 0.0, 0.8, '2017-02-22', 'KDX14V662HP7B4E019WN'),
(24, 23, 37, 324, 17, 0.0, 9.9, '2017-05-27', 'FWXXB3LA360PZJJMPCVH'),
(25, 7, 119, 341, 12, 0.0, 4.3, '2017-03-15', 'EDHVY1DB5HXY64GZ4SRK'),
(26, 14, 85, 369, 23, 0.0, 4.9, '2017-06-29', 'YAPHCKUECW0590JG1D27'),
(27, 10, 66, 330, 4, 0.0, 0.9, '2017-06-28', 'YO2QTF3MKJ4WYG2REMGJ'),
(28, 6, 73, 145, 12, 0.2, 2.2, '2017-04-13', 'SLWSW3WJ3EPDX0LNQI5R'),
(29, 11, 169, 378, 1, 0.0, 9.6, '2017-08-14', 'RDW9BKHONRLN1536YWB6'),
(30, 4, 22, 91, 20, 0.0, 0.9, '2017-03-12', 'H4EI0FH4N3BS518ZJLIF'),
(31, 4, 3, 449, 23, 0.0, 2.1, '2017-06-25', 'GM4PVVHGSLUKOA8IQA5Z'),
(32, 22, 150, 124, 13, 0.2, 4.6, '2017-06-14', 'ZOAVW4V6EBSQ71HAT5KZ'),
(33, 15, 138, 291, 11, 0.0, 8.7, '2017-02-19', 'VHG7GQZHTADFBGYTTZQM'),
(34, 4, 40, 116, 5, 0.0, 7.7, '2017-01-04', 'DA1UH9Q7X5K0V47TOFDV'),
(35, 2, 186, 367, 20, 0.1, 9.1, '2017-04-27', 'L1FAVKJGZ6TDDH7FDZG9'),
(36, 3, 5, 150, 6, 0.0, 7.4, '2017-03-14', 'V5SFGCR05JCQLR9LJLP7'),
(37, 20, 69, 2, 13, 0.0, 9.4, '2017-01-14', 'XZRNIM0DAGWMEPVMVF7S'),
(38, 9, 130, 344, 18, 0.0, 4.8, '2017-04-11', 'TMGMRPXTUDR2JY61RYQQ'),
(39, 7, 41, 64, 16, 0.0, 8.8, '2017-07-31', 'V3F371DYN6HEA3CA0QW2'),
(40, 3, 17, 419, 6, 0.0, 3.5, '2017-01-07', 'G25KURPL4HH1TYI0IKNK'),
(41, 17, 160, 246, 7, 0.0, 2.5, '2017-05-28', '77AN9UTRQ7TO2E1AJCAN'),
(42, 14, 147, 439, 4, 0.0, 6.4, '2017-08-05', 'JP0DG5U9H58IP9VVWLXW'),
(43, 15, 51, 215, 19, 0.0, 0.3, '2017-05-23', 'D9ODQJHQZ8DWHOI9ASOY'),
(44, 12, 16, 21, 18, 0.0, 2.4, '2017-03-02', '81K6D55FNQCRI5FBZPLC'),
(45, 5, 126, 384, 7, 0.0, 1.8, '2017-05-09', 'IXVL7LCLLS8XC4736CEB'),
(46, 13, 179, 420, 8, 0.1, 0.2, '2017-07-28', 'BH05YI2YA23MYQ4PK6KS'),
(47, 5, 115, 407, 22, 0.0, 9.8, '2017-06-05', '1X4T6187SC7087FUG82A'),
(48, 16, 39, 335, 18, 0.0, 3.0, '2017-06-04', 'AP5BEE3EM6TIGAJWBSGT'),
(49, 18, 48, 108, 24, 0.0, 3.5, '2017-02-24', 'IPVLPJOV4XHI7Q8ZIRN4'),
(50, 21, 122, 257, 5, 0.0, 5.6, '2017-02-28', '66EHSWVX5FLHWSZ9POVF'),
(51, 21, 66, 215, 4, 0.2, 5.7, '2017-05-09', 'H8B08JBXS1TOWBJH3XMS'),
(52, 13, 162, 352, 11, 0.0, 0.3, '2017-08-06', 'ZHV1AY8PT2RPAOX2HJDJ'),
(53, 20, 9, 220, 8, 0.0, 0.6, '2017-07-24', 'CESS0HGRLR9MLIQFZYL3'),
(54, 9, 164, 170, 20, 0.0, 7.5, '2017-04-27', 'YY1YLMLFMD88XM239AHR'),
(55, 7, 188, 137, 18, 0.0, 8.3, '2017-08-11', '8BI3P66MILSGTEGQTEUU'),
(56, 12, 46, 392, 1, 0.1, 1.3, '2017-01-10', 'ZE0DOWNCQN4B8QMJVWGE'),
(57, 15, 65, 122, 23, 0.0, 8.6, '2017-05-12', '4SGS38MDFWMXM8XIP1AI'),
(58, 14, 189, 151, 8, 0.0, 7.2, '2017-05-09', 'RXO4KNT6XHEFIULKLKO1'),
(59, 2, 148, 288, 8, 0.0, 6.6, '2017-09-06', 'ARHEMHP05V6VJCUROJKS'),
(60, 20, 169, 393, 12, 0.0, 2.1, '2017-04-18', 'HE8H3DBX4GMHBH57PX54'),
(61, 3, 2, 83, 4, 0.0, 1.1, '2017-02-12', 'SM7KZIRSW039RSD8XJ4E'),
(62, 9, 103, 225, 1, 0.0, 0.1, '2017-05-20', '1EKE7VOKZLFN0PS0X3VK'),
(63, 16, 109, 361, 4, 0.0, 6.4, '2017-03-11', '7FI7JOSYRE1Q3Q7N5SM2'),
(64, 12, 33, 34, 3, 0.2, 5.4, '2017-06-29', 'XENLR2K80F8TXTZ16N7V'),
(65, 18, 40, 349, 20, 0.0, 1.2, '2017-07-09', '77EXXYLDRB8HXA0VMSL8'),
(66, 6, 100, 282, 6, 0.2, 1.8, '2017-06-08', 'RYSW5X8MY4F6LQ79NT4Z'),
(67, 3, 180, 446, 22, 0.0, 2.2, '2017-08-12', '84ZB0IY5KVMNWF8L1S1D'),
(68, 19, 195, 46, 3, 0.0, 1.4, '2017-05-22', 'T6TBBKTMYYH9VJUTK4E9'),
(69, 6, 33, 39, 15, 0.0, 5.2, '2017-02-09', 'D9TJPAYNM12M4EX60PY5'),
(70, 16, 182, 437, 25, 0.0, 9.6, '2017-01-22', 'MW4E0WESGOM3AFX0RLAU'),
(71, 19, 5, 362, 11, 0.2, 4.2, '2017-08-29', 'BXEMQ4XMJEG4WRDO5OEK'),
(72, 22, 84, 294, 11, 0.0, 3.5, '2017-05-18', '6CFIUZ0693OALBYQR9RH'),
(73, 11, 201, 313, 9, 0.0, 3.8, '2017-08-05', 'W96ZDOJBMXVA35LZ4W5W'),
(74, 21, 151, 83, 21, 0.0, 3.7, '2017-06-19', 'ABSUAFFYDEM3P939JGAG'),
(75, 1, 151, 62, 7, 0.0, 6.2, '2017-07-16', 'M6SZI5DRNCMKPMYE4384'),
(76, 2, 99, 161, 20, 0.0, 6.6, '2017-08-12', '8I97DVHPKGUGMO4ZUSA1'),
(77, 4, 41, 227, 13, 0.1, 3.4, '2017-01-29', 'Q1ZJ0N4UED2CGDOIS49V'),
(78, 13, 112, 371, 17, 0.0, 0.9, '2017-08-11', '2WS42XTEAAY26IG9ND8D'),
(79, 18, 31, 393, 11, 0.0, 4.0, '2017-01-27', '53R35AGH1N066N57FXPA'),
(80, 18, 23, 374, 5, 0.0, 2.8, '2017-08-03', '4249AV784R1H5WT10XND'),
(81, 10, 19, 415, 1, 0.0, 8.3, '2017-08-30', '8NYV0UA28FJ3F10NUUF8'),
(82, 18, 26, 448, 12, 0.0, 2.4, '2017-03-08', 'WVYO0RC6E01XIVE5DA0W'),
(83, 11, 74, 37, 13, 0.1, 7.0, '2017-04-16', 'VCHEQVSD6274PCSZ703Y'),
(84, 13, 91, 122, 21, 0.1, 2.0, '2017-03-20', 'UFH5W5MHGKFC20JH99VJ'),
(85, 7, 31, 328, 17, 0.0, 3.4, '2017-03-17', '8XUSTJM66AWY91WZ9UP6'),
(86, 15, 81, 98, 12, 0.0, 8.7, '2017-05-21', 'PISSNB9HXQ8E4LIND2MZ'),
(87, 3, 113, 356, 5, 0.0, 6.4, '2017-08-18', '99IDSZMH0E5DWIE1068D'),
(88, 7, 120, 122, 17, 0.0, 5.4, '2017-08-13', '9JOJ4GECVR36LG8AEUCM'),
(89, 20, 57, 431, 12, 0.0, 9.1, '2017-07-05', 'WC21823LCWEMMZQTUOI8'),
(90, 14, 127, 428, 19, 0.0, 4.2, '2017-01-04', '5N26A25RLCVQOD7MHWEA'),
(91, 11, 60, 29, 8, 0.0, 9.8, '2017-07-31', 'IUPJZGHHJ6TDURO0UX0X'),
(92, 7, 120, 304, 6, 0.2, 5.9, '2017-02-17', 'RKIVXMJ6DR4YEMSCNBLN'),
(93, 7, 16, 57, 11, 0.0, 1.7, '2017-04-14', '162CTLIMMYDCXRA7N2UY'),
(94, 11, 124, 124, 5, 0.1, 0.3, '2017-05-05', '6EPFG5WN7MFAJPEGJ311'),
(95, 23, 169, 337, 3, 0.0, 2.1, '2017-03-05', 'QSQLGUH5Z9QPZVRCXCGL'),
(96, 9, 72, 22, 6, 0.0, 8.5, '2017-07-12', 'FCY2D2WR4YTXPGLYT0AE'),
(97, 21, 51, 78, 1, 0.1, 7.7, '2017-01-24', '8DOKJUM3MQKFMAGSJ3SL'),
(98, 4, 39, 182, 17, 0.1, 7.8, '2017-02-10', 'UAXS9E5E3C56F7YAHU89'),
(99, 17, 40, 124, 24, 0.2, 3.2, '2017-05-10', 'I78H3546AWIT4D2QS9FG'),
(100, 23, 83, 103, 2, 0.0, 8.8, '2017-01-27', 'JDF863IH28KBQC3PA691'),
(101, 10, 93, 426, 11, 0.0, 4.8, '2017-09-02', 'SFMDBTVJOKSTYZTT9X1M'),
(102, 10, 16, 362, 20, 0.0, 0.3, '2017-05-22', '8OYID1Z1I35FHQYSVUAM'),
(103, 10, 201, 296, 4, 0.0, 3.1, '2017-08-13', 'DORHSC9W088EJKRNUYSW'),
(104, 2, 153, 124, 24, 0.0, 2.2, '2017-07-16', '6HNDG9V0E2R0QU070LOP'),
(105, 2, 163, 347, 19, 0.0, 7.2, '2017-03-03', 'HUX0Y5640WIQF6634B3E'),
(106, 22, 153, 374, 18, 0.0, 2.3, '2017-08-04', 'M6HESPRGTC36DONPDH4O'),
(107, 2, 75, 39, 2, 0.1, 3.9, '2017-05-25', 'D68AAOT3W9LB9VNGM6FE'),
(108, 23, 118, 138, 13, 0.0, 6.3, '2017-03-17', '6JEJ1HJDRTZPZ9Z84H1Y'),
(109, 8, 161, 108, 13, 0.2, 4.9, '2017-07-13', 'X3IV4TZ9RBOA76MTQ869'),
(110, 6, 52, 429, 23, 0.0, 3.2, '2017-08-30', '5FLM9MN7HODGB9GWOXOK'),
(111, 8, 175, 165, 14, 0.1, 3.7, '2017-05-09', '0IAFR2DEE8VOMRNW8U7B'),
(112, 3, 116, 203, 7, 0.0, 0.2, '2017-06-15', '9NATWW6X2BIPL5XA7IJA'),
(113, 20, 54, 210, 23, 0.0, 5.4, '2017-07-11', '3FISPHTZF3G92QV0LV57'),
(114, 8, 124, 366, 3, 0.0, 2.4, '2017-07-30', 'BXCY1MPM1CO0867S06FC'),
(115, 10, 57, 431, 11, 0.2, 5.2, '2017-08-17', 'M71GIE2ALMD3BRH5UOV3'),
(116, 8, 111, 87, 18, 0.0, 4.5, '2017-01-11', 'DRS8UJN7LOQUJOQBHI7M'),
(117, 21, 184, 189, 13, 0.0, 7.1, '2017-04-30', 'GPAXWEPM6IJ8K9F98NVE'),
(118, 3, 184, 240, 8, 0.0, 1.0, '2017-03-07', '0XN8R2RUC5NH1X2IBX5Y'),
(119, 5, 165, 158, 12, 0.0, 6.4, '2017-08-07', 'E66MZFA19UC78GSMO5CX'),
(120, 4, 75, 252, 8, 0.0, 4.1, '2017-05-27', 'UDVRIBDQWQPGHLRGMSMH'),
(121, 4, 77, 378, 1, 0.0, 2.3, '2017-03-19', '2AB9SH9VMSS0TKSAUG4W'),
(122, 19, 160, 325, 5, 0.0, 7.4, '2017-07-16', 'D4MRRV052DPGYS2KIQU3'),
(123, 23, 165, 67, 16, 0.0, 1.8, '2017-01-03', 'AXXGO0Y5RBIKHP6PI1M8'),
(124, 15, 144, 63, 22, 0.0, 2.1, '2017-06-21', 'KF3JUSQQCQ9SG36PA3U2'),
(125, 5, 26, 408, 18, 0.0, 2.1, '2017-04-09', 'A16WH2WU0P8U4PITXT87'),
(126, 13, 98, 59, 5, 0.0, 8.7, '2017-08-18', 'FL9R1LZZ7XR6Q9DWNDPU'),
(127, 16, 9, 237, 1, 0.0, 6.0, '2017-04-13', 'B01YBDNVD9LUKVGX5FHW'),
(128, 23, 154, 190, 5, 0.2, 8.4, '2017-03-14', 'SRGODG5W9GJDJ3K8TP8B'),
(129, 21, 137, 198, 19, 0.0, 3.1, '2017-02-27', 'UN6B6EWZIX8Y0J8K9YWI'),
(130, 16, 23, 41, 2, 0.0, 8.9, '2017-03-09', '3T2H1RVPBQ8KRY4AC718'),
(131, 4, 107, 84, 20, 0.0, 9.7, '2017-06-14', 'RIAFIKCNJRBT5RT4U4M1'),
(132, 1, 63, 45, 22, 0.0, 7.2, '2017-04-30', '670D9L4AXQU91BBR1I7J'),
(133, 20, 193, 248, 19, 0.0, 1.0, '2017-04-14', 'RYWQL7A5H2F7NLAA19Y7'),
(134, 19, 171, 291, 9, 0.1, 9.0, '2017-06-08', 'M1GK3FICSMEH8E83NNET'),
(135, 8, 77, 401, 19, 0.1, 8.1, '2017-08-20', 'FNF1EQ0G099BO5XF6IRS'),
(136, 23, 73, 54, 7, 0.2, 1.0, '2017-07-03', 'OG0QE616ELKD87D1IPPH'),
(137, 8, 133, 152, 9, 0.0, 4.0, '2017-08-13', 'SD55K9BOG5M1CQ7EBZJY'),
(138, 10, 44, 365, 15, 0.0, 4.8, '2017-03-13', 'MNOXFXKDOT2AWW3UKUXQ'),
(139, 11, 23, 227, 2, 0.0, 8.0, '2017-07-03', 'XGYCWG5M6P5JM6PH84BR'),
(140, 8, 182, 407, 25, 0.0, 9.2, '2017-07-24', 'SBJQFU4JR4L7RP7QLJHE'),
(141, 13, 35, 59, 10, 0.0, 9.2, '2017-08-09', 'H3XR9QDDBQMZ844ELGM1'),
(142, 4, 30, 218, 17, 0.0, 1.9, '2017-08-27', 'EKJBVGHQMKUCIA7MZ53Q'),
(143, 23, 45, 14, 5, 0.2, 9.9, '2017-02-02', 'FEZ8IK3BZ2UDO3JDGE9W'),
(144, 14, 134, 3, 15, 0.0, 6.0, '2017-07-15', 'P5RNPTWRLAIAWZ6K3CWE'),
(145, 6, 131, 263, 5, 0.0, 8.8, '2017-05-11', 'NIZYU7O9JRUUJQ87LTQ6'),
(146, 9, 55, 278, 2, 0.1, 3.0, '2017-03-07', 'DRB2S4CTD1CI71NSOVM7'),
(147, 11, 81, 94, 9, 0.0, 4.9, '2017-07-07', '2JNGC8YCHJ67U9QOW23C'),
(148, 23, 40, 143, 8, 0.2, 2.0, '2017-08-29', '6QIBBOKFWX4Y1B8NMFVE'),
(149, 1, 158, 146, 19, 0.1, 2.8, '2017-05-18', 'VH6BCSX3STIV2VS551JD'),
(150, 15, 65, 250, 11, 0.0, 7.8, '2017-08-08', 'LM18TXH09M8YZB8B0YVN'),
(151, 11, 50, 285, 19, 0.0, 3.6, '2017-07-02', '44L2ZFFIHEC0KAV42JVF'),
(152, 19, 58, 290, 19, 0.0, 3.3, '2017-01-06', 'I6AX3KKU42NQKGHF6UH1'),
(153, 22, 137, 25, 5, 0.0, 9.2, '2017-08-17', 'S8VXE1D6YF077MYB5VVV'),
(154, 13, 111, 325, 16, 0.2, 5.7, '2017-05-07', 'CBOAZTDOWPDELQXEZOJ6'),
(155, 19, 143, 177, 1, 0.0, 4.5, '2017-07-19', '6NMICUJ40YM5UFW7NF7Z'),
(156, 15, 179, 102, 7, 0.0, 8.3, '2017-04-25', '2PNTMV0X57CP06O1RMZU'),
(157, 11, 62, 295, 4, 0.0, 6.2, '2017-08-14', 'VQR8RA06C8B753XZOQYI'),
(158, 19, 177, 233, 7, 0.0, 4.2, '2017-02-04', 'VR9GU886VT74X7YVLVLZ'),
(159, 20, 96, 169, 7, 0.2, 8.4, '2017-09-03', 'SY0IU2Q13V1BDZZHRX2S'),
(160, 13, 151, 288, 15, 0.0, 3.0, '2017-05-06', 'HF428WY43VCJG2T9YZ5H'),
(161, 7, 61, 137, 18, 0.1, 9.0, '2017-05-20', 'SX6SJ7ZDUYJ7PBIWFM6R'),
(162, 2, 53, 302, 23, 0.1, 1.0, '2017-03-12', 'Z0OSXW58SXWAVPIX9OPZ'),
(163, 2, 81, 393, 20, 0.0, 1.8, '2017-07-05', '9XTCQRBCJCZP8SWH0MAU'),
(164, 15, 46, 68, 11, 0.1, 2.5, '2017-08-04', '10NWULZY5YGS5Q3UG65U'),
(165, 2, 185, 346, 4, 0.0, 8.5, '2017-01-20', '9LWKNXLG91F5M7W6GW5B'),
(166, 8, 187, 121, 18, 0.0, 4.9, '2017-07-21', 'DDJX21TMJG5Z9REQB6OD'),
(167, 7, 176, 408, 14, 0.1, 7.1, '2017-07-19', 'WW1NJJ6N09ZIHW7DNLVS'),
(168, 1, 118, 372, 14, 0.0, 7.4, '2017-05-24', 'PL95CFIG4QHYWGHHAIIN'),
(169, 1, 60, 418, 10, 0.0, 9.0, '2017-04-29', 'J66HRV7DNKTKO6ARH63O'),
(170, 10, 147, 377, 5, 0.0, 7.7, '2017-06-10', 'VIIKLFPVD2D5U5E3NKKA'),
(171, 1, 153, 388, 9, 0.0, 4.3, '2017-07-16', 'H5OD7A6PSBEYRONNX6GH'),
(172, 12, 122, 276, 24, 0.0, 2.1, '2017-01-04', 'AHFFU1VNTMJD4DDU6E5J'),
(173, 16, 152, 14, 6, 0.0, 4.4, '2017-06-27', 'KRZ63HQFQD4TL7N8XC9A'),
(174, 20, 193, 204, 13, 0.0, 4.0, '2017-05-06', 'YPVKMAATQSAYBPQG8RJ5'),
(175, 14, 105, 193, 24, 0.0, 4.8, '2017-04-07', '38FKI6PL91W84M24LG6F'),
(176, 1, 146, 160, 9, 0.0, 3.9, '2017-04-16', 'ZLTUAHXSPLP5UUGF033L'),
(177, 20, 12, 311, 25, 0.0, 9.9, '2017-08-28', 'HREQ72OCMADPL3NLQ8OR'),
(178, 9, 23, 64, 2, 0.0, 6.6, '2017-05-12', 'JG629RLOLC2UDIUE43F9'),
(179, 10, 79, 253, 17, 0.0, 0.3, '2017-07-07', '2ACG8RTUAVEUFXA7NXB3'),
(180, 20, 123, 130, 16, 0.0, 9.5, '2017-02-15', '1XAU7LS6L49ICH6UL10R'),
(181, 3, 178, 418, 21, 0.0, 5.6, '2017-06-12', 'BHNZYKJ7G646S1C1L051'),
(182, 16, 117, 95, 18, 0.0, 3.3, '2017-06-24', 'OR5C2G4C2VACTPGMV909'),
(183, 23, 49, 45, 11, 0.1, 9.4, '2017-05-18', '5X5CKFUTZ0UQ6NQINV4F'),
(184, 7, 98, 401, 8, 0.0, 0.9, '2017-06-11', 'EATUZBVFQR5RNITZ0I0A'),
(185, 6, 138, 208, 8, 0.0, 9.3, '2017-05-28', '2VGLM2Q37DWT4RNCIK3Y'),
(186, 9, 198, 246, 2, 0.2, 9.0, '2017-01-01', '89PYJ4WJND35BBFD8C95'),
(187, 2, 171, 21, 17, 0.0, 6.3, '2017-03-05', 'JD8XJR5MHXXB4TLQN3XT'),
(188, 7, 61, 376, 3, 0.0, 9.4, '2017-03-04', 'K0TOSF7ZA8TS2PVG0ZDR'),
(189, 23, 192, 114, 8, 0.0, 2.1, '2017-05-03', '5F6T6HTMK8CCRZDF9QBX'),
(190, 16, 173, 299, 13, 0.0, 7.1, '2017-06-27', '7P3J13QAM3K2NEKMVMYE'),
(191, 13, 88, 211, 3, 0.0, 3.1, '2017-01-19', 'PZHGBQH0R92T9XQ3A4D3'),
(192, 13, 122, 371, 2, 0.0, 3.2, '2017-03-02', 'X4R94KTSE4DJAIPL2QD8'),
(193, 13, 144, 197, 8, 0.0, 1.2, '2017-09-05', 'VUI9DGTJKHKA1RVP666O'),
(194, 22, 153, 392, 13, 0.2, 5.3, '2017-02-24', 'D5O9ZF1H7E0V12A90Q3Z'),
(195, 2, 133, 270, 7, 0.0, 0.1, '2017-01-30', 'TMS98RTVVJ7K2HPTZE1S'),
(196, 11, 4, 210, 12, 0.0, 5.0, '2017-08-25', 'C3JFZOKG6G2OYKIWZQO7'),
(197, 2, 22, 278, 23, 0.0, 4.0, '2017-04-03', 'CUTBZKLG0C277GJ8U829'),
(198, 8, 97, 399, 19, 0.2, 0.1, '2017-01-02', 'P34V3X6X0ODKF08Q303Z'),
(199, 13, 16, 110, 11, 0.1, 1.2, '2017-08-22', '53ZHR3YN5HLY7MROGVNE'),
(200, 21, 189, 143, 12, 0.0, 3.9, '2017-06-09', '0OPMRFBIQ8Y9EJZ5DCT8'),
(201, 3, 95, 323, 14, 0.0, 8.2, '2017-04-10', 'V6RM7DH1N5GLG4FAVZON'),
(202, 10, 108, 174, 21, 0.0, 1.1, '2017-01-20', 'E9NPS3RJ2IT695HYZJ1U'),
(203, 23, 55, 178, 24, 0.0, 8.5, '2017-02-19', '22INYEKVHD5K5GX3XFAP'),
(204, 14, 152, 221, 14, 0.1, 8.5, '2017-07-07', 'KMMF7ZYCWFMTMB651UO7'),
(205, 15, 190, 315, 2, 0.0, 9.0, '2017-02-07', 'L5OL3OKU24R4ZHGV8QFM'),
(206, 23, 93, 9, 20, 0.1, 8.3, '2017-05-07', 'LXJRI4QYWKMITZGYT4AD'),
(207, 3, 93, 277, 13, 0.0, 4.5, '2017-01-22', 'TAUONUQ9S38K5075TKKU'),
(208, 2, 188, 273, 18, 0.0, 5.3, '2017-08-17', '5J4M5IZXFM480RMO3VA0'),
(209, 22, 56, 132, 18, 0.0, 3.3, '2017-03-18', '4HDXNZ9SZJQJMNRQ2HBQ'),
(210, 19, 116, 17, 18, 0.0, 3.6, '2017-07-18', 'DH3C48KHQP9T612QOHJQ'),
(211, 18, 10, 243, 7, 0.0, 1.0, '2017-01-12', 'F3EPE3VX0DY9CQZALJQO'),
(212, 3, 106, 231, 2, 0.1, 6.3, '2017-08-01', '9TGPFMOZDZS08XDPNP4P'),
(213, 9, 97, 433, 16, 0.1, 0.5, '2017-01-28', 'PCAKUA2G3YS1S6AYZZH6'),
(214, 1, 166, 39, 16, 0.0, 2.1, '2017-09-07', 'MD683TLKYTMZSJG54KBM'),
(215, 11, 137, 323, 19, 0.0, 8.4, '2017-06-15', 'A10ZFR3RNQMIL3Y4BQHH'),
(216, 14, 185, 43, 25, 0.0, 5.7, '2017-03-19', '55620MTSUE6KEBC59O1H'),
(217, 3, 110, 258, 13, 0.0, 2.8, '2017-05-20', 'A2ZG6FI1TTT5N5WUWE4A'),
(218, 19, 198, 445, 12, 0.0, 7.3, '2017-08-07', 'SCGY6RMY22GZ1U26LU7A'),
(219, 10, 57, 312, 4, 0.0, 1.8, '2017-06-24', '1KCFQ6GBD9W6VIQJIZOW'),
(220, 16, 92, 100, 3, 0.0, 0.6, '2017-08-04', 'QRD5MBTNAKX07QR3JFK5'),
(221, 7, 86, 100, 2, 0.0, 7.4, '2017-02-22', 'PSKS6CBN3UIEOATZ94UM'),
(222, 23, 153, 32, 11, 0.0, 3.7, '2017-04-27', '2PY6NRZFZJ3QF1YTDFZI'),
(223, 1, 107, 258, 7, 0.1, 6.8, '2017-06-26', '7PFLIFX39BQJYM3LLIKC'),
(224, 8, 74, 119, 23, 0.2, 1.1, '2017-02-03', '4AEN89V6VOV4OVZIL5B1'),
(225, 21, 51, 166, 3, 0.0, 1.5, '2017-05-16', 'P8D7HEV7SXE6S2E0X962'),
(226, 11, 29, 17, 8, 0.0, 2.5, '2017-03-18', 'EMUFAR32ZD8AVF21GRUZ'),
(227, 22, 195, 80, 16, 0.0, 8.8, '2017-08-16', '3RGYVSKHNV4ZFAMIS6NR'),
(228, 18, 82, 74, 18, 0.0, 3.9, '2017-06-08', 'SJ5VWMCZHIC2XBUEHEZJ'),
(229, 19, 26, 387, 6, 0.1, 9.3, '2017-04-21', 'CI4BG4GINL78UA7A2Z57'),
(230, 4, 83, 436, 12, 0.0, 5.9, '2017-03-19', '6CSWIZR4BRN8KG11KGIW'),
(231, 22, 137, 335, 12, 0.0, 5.5, '2017-02-25', 'TX5U20M3EFTB265BEY4O'),
(232, 13, 31, 364, 6, 0.0, 2.2, '2017-02-13', 'CTJZAU68IINB0CFN2FZ4'),
(233, 19, 147, 407, 16, 0.0, 5.3, '2017-02-20', 'WBUXH9VP5ID73G3LUS5G'),
(234, 12, 40, 110, 6, 0.0, 0.6, '2017-05-03', 'WX5Z1TQOCJ5KDFIO2SKA'),
(235, 18, 159, 259, 3, 0.0, 8.4, '2017-07-31', 'C0A3XVC17MTN50EPXFG5'),
(236, 16, 74, 244, 1, 0.0, 8.8, '2017-07-07', 'SZ7NQ1LXSZL5CJXVW4XD'),
(237, 17, 90, 370, 19, 0.1, 8.4, '2017-02-26', '5WCW7F3Z4C45HK02G7UQ'),
(238, 9, 30, 276, 22, 0.1, 0.4, '2017-08-06', 'EM8ITGHU1AIRDN2VQILH'),
(239, 15, 78, 86, 7, 0.0, 3.3, '2017-06-16', 'NMG0UZWSGX3NJQA4EEYM'),
(240, 6, 100, 200, 13, 0.1, 5.0, '2017-07-03', '32LD4WX7PO895QZRIYHK'),
(241, 6, 66, 422, 14, 0.0, 3.9, '2017-06-14', 'LDF4TWSRC3NVSKKUMQ2Y'),
(242, 1, 26, 200, 25, 0.0, 1.0, '2017-01-26', 'Q8UEE0ACVGH13HO69A05'),
(243, 8, 134, 245, 11, 0.0, 8.9, '2017-05-12', 'CLLDC5EWW8EMGU4KQFWI'),
(244, 5, 189, 98, 16, 0.0, 3.9, '2017-03-24', 'HN5TP2WOCF2T4EN901UV'),
(245, 22, 143, 57, 6, 0.0, 4.5, '2017-01-20', 'Z73FMNKLIV3M1VYFJN3I'),
(246, 11, 145, 433, 2, 0.0, 8.9, '2017-04-08', 'JSCTCGHBPD2MZHF2E2FC'),
(247, 4, 94, 391, 12, 0.0, 7.5, '2017-06-30', 'TJY63JOUGDQD7GERLA72'),
(248, 13, 35, 159, 17, 0.0, 4.1, '2017-04-19', 'SH102DIC4LN65P8DM8WS'),
(249, 11, 95, 70, 19, 0.1, 4.3, '2017-01-01', '90B9R10BTR89T02W5156'),
(250, 11, 169, 228, 7, 0.2, 3.4, '2017-06-27', 'CS362R6DY2AASJHQRACH');
COMMIT;

/*!40101 SET CHARACTER_SET_CLIENT=@OLD_CHARACTER_SET_CLIENT */;
/*!40101 SET CHARACTER_SET_RESULTS=@OLD_CHARACTER_SET_RESULTS */;
/*!40101 SET COLLATION_CONNECTION=@OLD_COLLATION_CONNECTION */;
